Date,Number of game,Day,Visiting Team,Home Team,Visiting Team Starting Pitcher ID,Home Team Starting Pitcher ID,Visiting Team Score,Home Team Score,Team At-bats,Team Hits,Team Doubles,Team Triples,Team Homeruns,Team RBIs,Team Sacrifice Hits,Team Sacrifice Flies,Team Hit-by-pitch,Team Walks,Team Intentional Walks,Team Strikeouts,Team Stolen Bases,Team Caught Stealing,Team Grounded into DP,Team Awarded First Base due to CI,Team Left on Base,Team Pitchers Used,Team Individual Earned Runs,Team Earned Runs,Team Wild Pitches,Team Balks,Team Putouts,Team Assists,Team Errors,Team Passed Balls,Team Double Plays,Team Triple Plays
2015-04-06,0,Mon,TOR,NYA,hutcd001,tanam001,6,1,29,3,0,0,1,1,0,0,1,3,0,5,0,1,0,0,5,6,5,5,0,0,27,6,1,0,0,0
2015-04-08,0,Wed,TOR,NYA,dickr001,pinem001,3,4,28,7,2,0,0,3,0,1,2,4,1,7,1,0,1,0,7,4,2,2,0,0,27,10,2,0,0,0
2015-04-09,0,Thu,TOR,NYA,norrd002,sabac001,6,3,32,7,3,0,2,3,0,0,1,4,0,10,0,1,0,0,7,3,5,5,0,0,27,7,1,0,1,0
2015-04-10,0,Fri,BOS,NYA,milew001,eovan001,6,5,67,14,4,0,2,5,0,1,1,6,1,13,0,1,1,0,13,8,5,5,2,0,57,19,1,1,2,0
2015-04-11,0,Sat,BOS,NYA,kellj001,warra001,8,4,31,5,1,0,1,4,0,1,0,2,0,11,0,0,0,0,3,4,4,4,0,0,27,17,3,1,2,0
2015-04-12,0,Sun,BOS,NYA,buchc001,tanam001,4,14,36,16,1,0,3,14,0,2,0,6,0,5,1,1,1,0,6,3,3,3,2,0,27,6,1,0,1,0
2015-04-13,0,Mon,NYA,BAL,pinem001,chenw001,6,5,32,7,0,0,3,6,1,0,1,2,0,7,0,0,1,0,3,3,5,5,0,0,27,13,0,0,0,0
2015-04-14,0,Tue,NYA,BAL,sabac001,gonzm003,3,4,34,6,3,0,0,2,0,0,0,1,0,10,0,0,0,0,5,2,4,4,1,0,24,11,2,0,2,0
2015-04-15,0,Wed,NYA,BAL,eovan001,norrb001,5,7,33,8,4,0,1,4,0,1,0,4,0,12,1,0,1,0,6,6,7,7,0,0,24,7,0,0,1,0
2015-04-17,0,Fri,NYA,TBA,warra001,karnn001,5,4,30,5,0,0,3,5,1,0,0,6,0,9,1,0,1,0,5,5,4,4,0,0,27,7,0,0,1,0
2015-04-18,0,Sat,NYA,TBA,tanam001,odorj001,9,0,34,10,1,1,1,9,0,2,1,5,0,11,2,0,1,0,6,3,0,0,0,1,27,6,0,0,0,0
2015-04-19,0,Sun,NYA,TBA,pinem001,andrm001,5,3,33,11,2,1,0,5,1,2,0,6,0,6,0,1,1,0,10,5,3,3,2,0,27,9,0,0,0,0
2015-04-20,0,Mon,NYA,DET,sabac001,simoa001,1,2,30,7,1,0,1,1,1,0,0,0,0,7,1,1,2,0,3,1,2,2,0,0,24,12,0,0,3,0
2015-04-21,0,Tue,NYA,DET,eovan001,lobsk001,5,2,34,8,2,0,2,3,0,0,0,9,0,5,2,0,2,0,11,4,2,2,1,0,27,13,0,0,4,0
2015-04-22,0,Wed,NYA,DET,warra001,pricd001,13,4,41,15,3,2,1,13,1,0,1,6,1,6,0,0,1,0,9,4,4,4,0,0,27,7,1,0,2,0
2015-04-23,0,Thu,NYA,DET,tanam001,sanca004,2,1,29,3,2,0,0,1,1,0,0,6,1,11,2,0,0,0,7,4,1,1,0,0,27,7,0,0,0,0
2015-04-24,0,Fri,NYN,NYA,degrj001,pinem001,1,6,34,11,1,0,3,6,0,1,0,2,0,6,0,0,0,0,7,2,1,1,1,0,27,10,1,0,1,0
2015-04-25,0,Sat,NYN,NYA,harvm001,sabac001,8,2,31,5,1,0,1,1,0,0,0,2,0,7,0,0,1,0,4,3,8,8,2,0,27,5,1,0,0,0
2015-04-26,0,Sun,NYN,NYA,niesj001,eovan001,4,6,32,9,5,0,1,5,0,0,0,1,0,7,0,0,2,0,3,6,4,4,1,0,27,12,2,0,2,0
2015-04-27,0,Mon,TBA,NYA,karnn001,warra001,1,4,32,9,3,0,1,4,0,0,1,5,1,8,1,0,1,0,10,5,1,1,2,0,27,8,0,0,0,0
2015-04-28,0,Tue,TBA,NYA,odorj001,whitc001,2,4,33,9,3,0,0,4,0,0,0,1,1,6,3,0,0,0,6,4,2,2,2,0,27,7,0,0,0,0
2015-04-29,0,Wed,TBA,NYA,smyld001,pinem001,3,2,43,7,0,0,2,2,1,0,1,3,0,16,1,1,1,0,7,7,3,3,0,0,39,13,1,1,1,0
2015-05-01,0,Fri,NYA,BOS,sabac001,mastj001,3,2,35,9,2,0,1,3,0,0,2,5,1,4,0,0,1,0,12,4,2,2,0,0,27,9,1,0,2,0
2015-05-02,0,Sat,NYA,BOS,eovan001,milew001,4,2,34,9,3,0,1,4,1,0,0,0,0,4,1,0,0,0,4,4,2,2,0,0,27,10,0,0,1,0
2015-05-03,0,Sun,NYA,BOS,warra001,kellj001,8,5,42,14,2,0,2,8,0,0,2,3,0,6,2,0,0,0,12,5,5,5,0,0,27,13,1,0,2,0
2015-05-04,0,Mon,NYA,TOR,whitc001,dickr001,1,3,29,3,2,0,0,1,0,0,0,3,0,1,0,0,1,0,4,3,2,2,0,0,24,11,2,0,0,0
2015-05-05,0,Tue,NYA,TOR,pinem001,estrm001,6,3,37,11,2,0,1,6,0,0,0,2,0,5,2,0,1,0,6,3,3,3,0,0,27,10,0,0,1,0
2015-05-06,0,Wed,NYA,TOR,sabac001,buehm001,1,5,32,7,2,0,0,1,0,0,0,4,0,5,0,0,2,0,8,3,5,5,0,1,24,10,0,0,2,0
2015-05-07,0,Thu,BAL,NYA,tillc001,eovan001,3,4,32,11,3,0,1,4,0,1,0,3,0,6,0,0,1,0,8,4,3,3,0,0,27,13,0,0,0,0
2015-05-08,0,Fri,BAL,NYA,gonzm003,warra001,4,5,30,8,3,1,1,5,0,1,0,3,2,6,1,0,0,0,5,5,4,4,0,0,27,17,0,0,0,0
2015-05-09,0,Sat,BAL,NYA,chenw001,whitc001,6,2,36,8,2,0,0,2,0,1,0,1,0,10,0,0,0,0,9,3,6,6,0,0,27,10,0,0,1,0
2015-05-10,0,Sun,BAL,NYA,norrb001,pinem001,2,6,29,8,2,0,2,6,0,0,2,8,0,5,1,1,1,0,9,3,2,2,0,0,27,6,0,0,0,0
2015-05-11,0,Mon,NYA,TBA,sabac001,coloa001,11,5,39,14,2,0,5,11,0,1,1,1,0,9,0,1,0,0,4,3,3,3,0,0,27,8,2,0,1,0
2015-05-12,0,Tue,NYA,TBA,eovan001,archc001,2,4,33,8,0,0,0,2,0,0,0,2,0,9,0,2,0,0,6,2,4,4,3,0,24,7,0,0,0,0
2015-05-13,0,Wed,NYA,TBA,warra001,karnn001,2,3,37,10,0,0,0,2,0,0,0,2,0,12,1,0,0,0,10,2,3,3,0,0,24,7,0,0,1,0
2015-05-14,0,Thu,NYA,TBA,whitc001,ramie004,1,6,30,5,0,0,1,1,1,0,0,2,0,8,1,0,1,0,5,5,6,6,1,0,24,8,1,0,1,0
2015-05-15,0,Fri,NYA,KCA,pinem001,younc003,1,12,31,5,2,1,0,1,0,1,0,2,0,3,1,0,0,0,6,5,12,12,2,0,24,11,1,0,0,0
2015-05-16,0,Sat,NYA,KCA,sabac001,duffd001,5,1,36,9,2,0,2,5,1,1,0,4,0,5,1,0,0,0,10,3,1,1,0,0,27,9,1,0,0,0
2015-05-17,0,Sun,NYA,KCA,capuc001,volqe001,0,6,33,6,2,0,0,0,0,0,1,2,0,7,0,0,0,0,9,4,4,4,0,0,24,4,2,0,1,0
2015-05-19,0,Tue,NYA,WAS,eovan001,gonzg003,6,8,38,8,1,0,1,6,0,0,0,3,0,6,0,0,0,0,5,6,8,8,0,0,29,12,0,0,3,0
2015-05-20,0,Wed,NYA,WAS,warra001,zimmj003,2,3,32,6,1,0,0,2,0,1,0,3,0,9,0,0,0,0,7,3,2,2,1,0,24,10,1,0,0,0
2015-05-22,0,Fri,TEX,NYA,lewic001,pinem001,10,9,39,12,3,0,3,9,0,0,1,2,0,6,1,0,0,1,7,4,7,7,0,0,27,11,2,0,1,0
2015-05-23,0,Sat,TEX,NYA,martn002,sabac001,15,4,35,7,0,1,2,4,0,0,1,2,0,7,1,0,0,0,7,4,15,15,2,0,27,3,1,0,0,0
2015-05-24,0,Sun,TEX,NYA,gally001,capuc001,5,2,33,6,0,0,0,2,0,0,0,2,0,9,0,0,1,0,6,6,4,4,1,0,27,10,1,0,0,0
2015-05-25,0,Mon,KCA,NYA,guthj001,eovan001,1,14,37,14,2,0,5,14,0,0,1,7,0,7,0,0,1,0,7,2,1,1,1,0,27,12,0,0,1,0
2015-05-26,0,Tue,KCA,NYA,vargj001,warra001,1,5,31,7,1,0,1,5,0,1,0,3,0,8,0,0,0,0,6,4,1,1,0,0,27,7,1,0,0,0
2015-05-27,0,Wed,KCA,NYA,younc003,pinem001,2,4,33,9,2,0,2,4,0,0,0,3,0,9,0,0,0,0,8,5,1,1,1,0,27,8,1,0,0,0
2015-05-28,0,Thu,NYA,OAK,sabac001,gravk001,4,5,34,8,1,0,1,4,0,1,0,3,0,6,0,0,0,0,7,3,5,5,0,0,24,6,0,0,0,0
2015-05-29,0,Fri,NYA,OAK,capuc001,grays001,2,6,32,6,1,0,1,2,0,0,0,2,0,6,0,0,1,0,5,3,5,5,0,0,24,8,1,0,0,0
2015-05-30,0,Sat,NYA,OAK,eovan001,hahnj001,5,3,37,10,0,0,1,5,0,0,0,1,0,6,1,0,1,0,6,5,3,3,0,0,27,7,0,0,0,0
2015-05-31,0,Sun,NYA,OAK,warra001,chavj001,0,3,33,8,0,0,0,0,0,0,0,1,0,7,0,0,1,0,7,4,3,3,0,0,24,7,1,0,2,0
2015-06-01,0,Mon,NYA,SEA,pinem001,hernf002,7,2,32,7,1,0,1,5,0,1,0,5,0,8,0,0,1,0,4,4,2,2,1,0,27,8,1,0,2,0
2015-06-02,0,Tue,NYA,SEA,sabac001,montm002,5,3,44,14,4,0,1,5,0,0,0,4,0,8,0,0,2,0,10,7,3,3,0,0,33,12,3,0,2,0
2015-06-03,0,Wed,NYA,SEA,tanam001,walkt004,3,1,32,5,1,0,2,3,0,0,0,1,0,7,0,0,0,0,3,3,1,1,0,0,27,10,0,0,0,0
2015-06-05,0,Fri,ANA,NYA,weavj003,eovan001,7,8,37,14,2,1,3,8,0,1,0,2,0,3,1,0,0,0,8,5,7,7,1,0,27,10,1,1,0,0
2015-06-06,0,Sat,ANA,NYA,richg002,warra001,2,8,35,11,2,0,1,7,0,1,1,5,0,6,1,0,0,0,10,3,2,2,0,0,27,9,0,0,1,0
2015-06-07,0,Sun,ANA,NYA,wilsc004,sabac001,2,6,30,7,1,0,3,6,0,0,1,1,0,10,0,0,0,0,2,4,2,2,0,0,27,7,1,0,3,0
2015-06-09,0,Tue,WAS,NYA,schem001,tanam001,1,6,37,13,2,0,2,5,0,0,0,2,1,7,0,0,1,0,9,4,1,1,0,0,27,11,0,0,1,0
2015-06-10,0,Wed,WAS,NYA,gonzg003,eovan001,5,4,40,8,2,1,0,4,0,0,2,3,0,10,0,1,0,0,8,4,5,5,0,0,33,14,0,0,0,0
2015-06-12,0,Fri,NYA,BAL,pinem001,jimeu001,3,11,36,9,0,0,1,3,0,0,1,3,0,11,1,0,0,0,10,4,7,7,1,0,24,8,2,0,2,0
2015-06-13,0,Sat,NYA,BAL,sabac001,norrb001,4,9,37,11,5,0,1,4,0,0,0,2,0,9,0,0,0,0,8,3,9,9,3,0,24,10,0,0,0,0
2015-06-14,0,Sun,NYA,BAL,warra001,wrigm001,5,3,36,10,3,0,0,5,0,1,1,4,0,7,0,0,0,0,10,4,3,3,0,0,27,8,0,0,0,0
2015-06-15,0,Mon,NYA,MIA,tanam001,koeht001,1,2,30,3,1,0,1,1,0,0,0,3,0,10,0,0,0,0,5,3,2,2,0,0,24,11,1,0,1,0
2015-06-16,0,Tue,NYA,MIA,eovan001,pheld001,2,12,34,7,2,0,0,2,0,0,0,2,0,6,0,0,1,0,7,4,12,12,2,0,24,10,0,0,0,0
2015-06-17,0,Wed,MIA,NYA,urenj001,pinem001,1,2,29,7,1,0,0,2,0,0,1,5,1,4,1,0,1,0,9,4,1,1,0,0,27,8,0,0,0,0
2015-06-18,0,Thu,MIA,NYA,latom001,sabac001,4,9,38,15,4,0,2,8,0,1,0,6,0,8,0,0,0,0,12,4,4,4,0,0,27,8,0,0,1,0
2015-06-19,0,Fri,DET,NYA,verlj001,warra001,2,7,36,13,1,0,3,6,0,0,0,2,0,2,0,0,0,0,7,2,2,2,1,0,27,11,1,0,1,0
2015-06-20,0,Sat,DET,NYA,simoa001,eovan001,3,14,40,18,1,1,5,14,0,1,1,6,0,5,0,0,2,0,10,2,3,3,1,0,27,9,0,0,0,0
2015-06-21,0,Sun,DET,NYA,sanca004,tanam001,12,4,35,9,0,0,3,4,0,0,0,2,0,6,1,0,1,0,6,3,10,10,0,0,27,7,1,0,1,0
2015-06-22,0,Mon,PHI,NYA,corrk001,pinem001,11,8,39,14,4,0,2,8,0,1,0,4,0,5,0,0,0,0,9,5,11,11,0,0,27,13,0,0,1,0
2015-06-23,0,Tue,PHI,NYA,osuls001,sabac001,11,6,39,13,4,0,4,6,0,1,1,2,0,7,1,0,1,0,10,6,11,11,0,0,27,8,1,0,1,0
2015-06-24,0,Wed,PHI,NYA,hamec001,novai001,2,10,40,15,3,0,0,9,0,0,1,6,0,7,0,0,0,0,13,3,2,2,0,0,27,8,1,0,0,0
2015-06-25,0,Thu,NYA,HOU,warra001,keucd001,0,4,32,6,0,0,0,0,0,0,0,1,0,12,0,0,1,0,6,2,3,3,0,0,24,9,3,0,1,0
2015-06-26,0,Fri,NYA,HOU,eovan001,velav001,3,2,35,9,1,0,1,3,0,0,0,3,0,4,0,0,1,0,8,4,2,2,0,0,27,5,0,0,0,0
2015-06-27,0,Sat,NYA,HOU,tanam001,oberb001,9,6,37,10,3,0,3,9,1,0,1,7,0,4,1,0,1,0,10,5,6,6,0,0,27,8,0,0,0,0
2015-06-28,0,Sun,NYA,HOU,pinem001,mchuc001,1,3,29,2,0,0,0,1,0,0,0,2,0,8,0,0,0,0,3,1,2,2,0,0,24,7,1,0,1,0
2015-06-29,0,Mon,NYA,ANA,sabac001,wilsc004,1,4,32,8,2,0,0,1,0,0,1,4,0,6,0,0,2,0,9,2,4,4,0,0,24,9,0,1,0,0
2015-06-30,0,Tue,NYA,ANA,novai001,heana001,1,2,28,2,0,0,1,1,0,0,0,2,0,9,0,0,3,0,2,2,2,2,0,0,24,8,0,0,0,0
2015-07-01,0,Wed,NYA,ANA,eovan001,shoem001,3,1,36,12,2,0,1,3,2,0,0,2,0,6,0,0,1,0,10,4,1,1,1,0,27,16,0,0,2,0
2015-07-03,0,Fri,TBA,NYA,archc001,tanam001,5,7,39,9,1,0,2,7,1,0,1,9,1,14,0,0,3,0,9,7,5,5,0,0,36,12,0,0,2,0
2015-07-04,0,Sat,TBA,NYA,karnn001,pinem001,2,3,28,6,2,0,0,2,1,1,0,3,0,10,1,1,0,0,6,3,2,2,1,0,27,5,0,0,0,0
2015-07-05,0,Sun,TBA,NYA,ramie004,novai001,8,1,29,3,2,0,1,1,0,0,1,5,0,6,0,0,2,0,7,4,5,5,0,0,27,13,3,0,3,0
2015-07-07,0,Tue,OAK,NYA,grays001,eovan001,4,3,35,6,0,0,0,3,0,0,0,5,0,7,0,0,2,0,7,6,4,4,0,0,30,11,0,0,2,0
2015-07-08,0,Wed,OAK,NYA,kazms001,sabac001,4,5,31,9,1,0,3,5,0,1,0,4,1,8,1,0,1,0,7,5,4,4,1,0,27,10,1,0,1,0
2015-07-09,0,Thu,OAK,NYA,chavj001,tanam001,2,6,33,8,2,0,1,4,0,0,0,5,0,7,0,0,0,0,8,3,1,1,1,0,27,11,1,0,1,0
2015-07-10,0,Fri,NYA,BOS,pinem001,buchc001,5,1,38,9,1,0,1,4,0,0,1,2,0,7,0,0,0,0,9,4,1,1,0,0,27,10,2,0,1,0
2015-07-11,0,Sat,NYA,BOS,novai001,rodre004,3,5,33,9,2,0,2,3,0,0,0,1,0,5,0,2,1,0,4,4,5,5,1,0,24,10,1,0,1,0
2015-07-12,0,Sun,NYA,BOS,eovan001,milew001,8,6,37,11,4,0,2,7,0,0,0,1,0,5,0,0,0,0,3,5,4,4,1,0,27,6,2,0,0,0
2015-07-17,0,Fri,SEA,NYA,montm002,tanam001,3,4,31,8,1,0,2,4,0,0,0,5,0,12,0,0,1,1,9,3,3,3,0,0,27,10,0,0,0,0
2015-07-18,0,Sat,SEA,NYA,iwakh001,pinem001,4,3,35,7,2,0,1,3,0,0,0,0,0,9,0,0,0,0,5,3,4,4,0,0,27,14,0,0,0,0
2015-07-19,0,Sun,SEA,NYA,hernf002,sabac001,1,2,29,6,1,0,1,2,0,0,0,3,0,5,0,0,1,0,6,4,1,1,2,0,27,8,0,0,1,0
2015-07-21,0,Tue,BAL,NYA,chenw001,eovan001,2,3,33,11,5,0,0,3,1,1,0,2,1,5,0,0,0,0,10,4,2,2,1,0,27,14,0,0,0,0
2015-07-22,0,Wed,BAL,NYA,gausk001,novai001,3,4,31,7,3,0,2,4,0,0,0,2,0,5,0,0,0,0,5,4,3,3,0,0,27,11,0,0,1,0
2015-07-23,0,Thu,BAL,NYA,jimeu001,tanam001,3,9,35,13,3,0,1,9,0,1,0,3,0,7,0,0,1,0,6,3,3,3,0,0,27,8,0,0,0,0
2015-07-24,0,Fri,NYA,MIN,pinem001,hughp001,1,10,36,10,0,0,0,1,0,1,0,1,0,3,1,0,0,0,10,3,10,10,0,0,24,12,0,0,0,0
2015-07-25,0,Sat,NYA,MIN,sabac001,milot001,8,5,35,10,2,0,4,8,0,1,0,1,0,5,0,0,1,0,2,3,5,5,0,0,27,16,1,0,1,0
2015-07-26,0,Sun,NYA,MIN,eovan001,gibsk002,7,2,33,7,2,0,2,7,1,0,1,4,0,9,0,0,0,0,5,3,2,2,0,0,27,15,0,0,3,0
2015-07-27,0,Mon,NYA,TEX,novai001,harrm001,6,2,35,11,1,1,2,6,0,1,0,3,0,3,0,0,1,0,6,4,2,2,1,0,27,15,1,0,0,0
2015-07-28,0,Tue,NYA,TEX,capuc001,perem004,21,5,46,19,5,1,2,20,0,0,2,10,0,11,0,0,1,2,12,3,5,5,0,0,27,11,0,0,0,0
2015-07-29,0,Wed,NYA,TEX,tanam001,lewic001,2,5,33,8,1,0,1,2,0,0,1,0,0,8,0,1,1,0,5,3,4,4,0,0,24,11,2,0,1,0
2015-07-30,0,Thu,NYA,TEX,sabac001,gally001,6,7,36,11,0,1,3,6,0,1,1,4,0,6,0,0,1,0,9,5,7,7,1,0,26,8,0,0,3,0
2015-07-31,0,Fri,NYA,CHA,eovan001,rodoc001,13,6,42,18,7,0,2,12,1,1,0,9,0,9,0,0,1,0,13,3,6,6,2,0,27,9,0,0,0,0
2015-08-01,0,Sat,NYA,CHA,mitcb001,dankj001,2,8,30,5,1,0,1,2,0,1,0,5,0,11,0,0,1,0,7,3,8,8,2,0,24,9,0,0,1,0
2015-08-02,0,Sun,NYA,CHA,novai001,samaj001,12,3,38,11,2,1,2,12,0,1,2,4,0,9,0,0,0,0,6,4,3,3,0,0,27,14,1,0,2,0
2015-08-04,0,Tue,BOS,NYA,owenh002,tanam001,3,13,38,13,4,0,2,13,0,0,0,5,0,8,0,0,0,0,6,5,3,3,1,0,27,10,0,0,1,0
2015-08-05,0,Wed,BOS,NYA,wrigs001,sevel001,2,1,31,5,0,0,1,1,0,0,0,3,0,9,0,0,1,0,6,3,1,1,0,0,27,4,1,0,0,0
2015-08-06,0,Thu,BOS,NYA,rodre004,sabac001,1,2,29,6,1,0,1,2,1,0,1,2,1,6,0,0,0,0,7,4,1,1,0,0,27,9,0,0,0,0
2015-08-07,0,Fri,TOR,NYA,dickr001,eovan001,2,1,35,8,0,0,1,1,0,0,0,2,0,4,0,0,3,0,6,5,2,2,0,0,30,13,1,0,1,0
2015-08-08,0,Sat,TOR,NYA,pricd001,novai001,6,0,30,3,0,0,0,0,0,0,0,3,0,9,0,0,0,0,6,3,5,5,2,0,27,12,1,0,1,0
2015-08-09,0,Sun,TOR,NYA,estrm001,tanam001,2,0,28,3,0,0,0,0,1,0,1,4,0,9,0,0,1,0,7,5,2,2,0,0,27,11,0,0,1,0
2015-08-11,0,Tue,NYA,CLE,sevel001,carrc003,4,5,54,8,1,0,2,4,0,0,0,3,0,16,0,1,0,0,5,8,5,5,1,0,46,17,0,0,1,0
2015-08-12,0,Wed,NYA,CLE,sabac001,salad001,1,2,29,4,1,0,1,1,0,0,0,5,0,11,0,1,2,0,6,3,2,2,1,0,24,15,0,0,2,0
2015-08-13,0,Thu,NYA,CLE,eovan001,bauet001,8,6,37,10,2,0,2,8,0,0,1,5,0,6,0,0,2,0,8,5,6,6,1,0,27,10,0,0,1,0
2015-08-14,0,Fri,NYA,TOR,novai001,pricd001,4,3,39,13,3,0,1,4,0,0,0,0,0,7,0,0,1,0,8,3,3,3,1,0,27,13,0,0,0,0
2015-08-15,0,Sat,NYA,TOR,tanam001,estrm001,4,1,35,9,2,1,2,4,1,0,0,4,0,6,1,0,0,0,9,1,1,1,0,0,27,11,0,0,0,0
2015-08-16,0,Sun,NYA,TOR,sevel001,hutcd001,1,3,29,4,1,0,1,1,0,0,1,1,0,7,0,1,1,0,3,3,3,3,0,1,24,7,0,0,1,0
2015-08-17,0,Mon,MIN,NYA,gibsk002,mitcb001,7,8,38,10,2,0,2,8,0,0,0,5,1,6,1,0,0,0,7,7,7,7,0,0,30,9,1,0,0,0
2015-08-18,0,Tue,MIN,NYA,pelfm001,sabac001,4,8,34,11,3,0,1,8,1,0,1,3,0,7,1,0,0,0,7,4,4,4,0,0,27,10,0,0,1,0
2015-08-19,0,Wed,MIN,NYA,sante001,eovan001,3,4,29,7,1,0,2,4,0,0,1,2,0,7,0,0,2,0,4,3,3,3,1,0,27,8,0,0,0,0
2015-08-20,0,Thu,CLE,NYA,tomlj001,novai001,3,2,32,5,1,0,1,2,0,0,0,3,0,9,1,0,0,0,6,3,3,3,0,0,27,5,0,0,1,0
2015-08-21,0,Fri,CLE,NYA,carrc003,tanam001,7,3,36,8,1,0,0,2,0,0,0,2,0,13,1,0,0,0,8,4,6,6,1,0,27,12,1,0,1,0
2015-08-22,0,Sat,CLE,NYA,salad001,sevel001,2,6,35,13,2,0,2,6,0,2,0,0,0,9,0,0,0,0,7,4,2,2,0,0,27,9,0,0,1,0
2015-08-23,0,Sun,CLE,NYA,bauet001,sabac001,4,3,32,5,2,0,0,2,0,0,0,6,0,11,2,0,0,0,8,6,4,4,0,0,27,12,1,0,4,0
2015-08-24,0,Mon,HOU,NYA,felds001,eovan001,0,1,28,6,0,0,0,1,0,1,0,3,1,6,1,0,1,0,6,2,0,0,0,0,27,10,1,0,1,0
2015-08-25,0,Tue,HOU,NYA,keucd001,novai001,15,1,31,4,1,0,0,1,0,0,1,0,0,12,0,0,0,0,4,4,14,14,0,1,27,4,1,0,0,0
2015-08-26,0,Wed,HOU,NYA,mchuc001,pinem001,6,2,32,5,0,0,1,2,0,0,0,4,0,10,0,0,0,0,7,5,6,6,1,0,27,9,0,0,2,0
2015-08-28,0,Fri,NYA,ATL,tanam001,perew001,15,4,40,16,5,0,3,15,0,1,1,8,1,6,0,0,2,0,8,3,4,4,0,0,27,7,0,1,0,0
2015-08-29,0,Sat,NYA,ATL,sevel001,wislm001,3,1,32,6,5,0,0,2,0,0,0,7,1,7,0,1,0,0,9,4,1,1,0,0,27,13,1,0,1,0
2015-08-30,0,Sun,NYA,ATL,eovan001,tehej001,20,6,46,21,3,0,3,20,0,1,1,9,0,7,0,0,1,0,10,5,6,6,0,0,27,9,1,0,0,0
2015-08-31,0,Mon,NYA,BOS,novai001,rodre004,3,4,34,10,1,0,0,3,0,1,0,8,0,7,0,0,2,1,14,3,4,4,0,0,24,13,0,0,0,0
2015-09-01,0,Tue,NYA,BOS,pinem001,porcr001,3,1,32,5,1,0,1,3,0,0,0,1,0,15,0,0,1,0,3,4,1,1,0,0,27,8,0,0,0,0
2015-09-02,0,Wed,NYA,BOS,tanam001,owenh002,13,8,39,15,2,0,5,13,0,0,0,5,0,6,0,0,2,0,4,7,8,8,2,0,27,9,0,0,0,0
2015-09-04,0,Fri,TBA,NYA,odorj001,sevel001,2,5,28,4,0,0,3,5,0,0,0,2,0,10,0,0,0,0,1,4,2,2,0,0,27,8,0,0,0,0
2015-09-05,0,Sat,TBA,NYA,moorm003,eovan001,3,2,32,5,1,0,0,2,0,0,1,5,0,8,0,0,0,0,9,6,3,3,1,0,27,9,0,1,1,0
2015-09-06,0,Sun,TBA,NYA,archc001,novai001,4,6,32,8,1,0,2,5,0,0,0,5,0,5,0,0,0,0,7,4,4,4,2,0,27,11,1,0,1,0
2015-09-07,0,Mon,BAL,NYA,chenw001,pinem001,6,8,37,12,1,0,3,8,0,0,0,2,0,8,0,0,0,0,7,4,6,6,0,0,27,7,0,0,0,0
2015-09-08,0,Tue,BAL,NYA,gausk001,tanam001,2,1,33,6,0,0,1,1,0,0,0,2,0,7,0,0,0,0,7,2,2,2,0,0,27,9,0,0,2,0
2015-09-09,0,Wed,BAL,NYA,jimeu001,sabac001,5,3,31,4,1,0,1,3,0,0,1,0,0,9,1,0,0,0,2,5,3,3,0,0,27,12,1,0,0,0
2015-09-11,0,Fri,TOR,NYA,pricd001,sevel001,11,5,36,9,1,0,1,5,0,1,0,1,0,12,0,0,0,0,6,6,11,11,1,0,27,9,0,0,1,0
2015-09-12,1,Sat,TOR,NYA,estrm001,pinem001,9,5,42,10,1,0,3,5,0,0,0,4,0,5,1,0,1,0,8,7,9,9,0,0,33,12,0,0,2,0
2015-09-12,2,Sat,TOR,NYA,strom001,novai001,10,7,40,13,1,0,2,7,0,0,1,2,0,6,0,0,0,0,9,5,10,10,3,0,27,9,0,1,0,0
2015-09-13,0,Sun,TOR,NYA,dickr001,tanam001,0,5,29,7,2,0,1,5,0,2,0,2,0,3,0,0,0,0,4,4,0,0,0,0,27,12,0,0,0,0
2015-09-14,0,Mon,NYA,TBA,sabac001,ramie004,4,1,29,4,1,0,1,4,0,0,0,5,1,7,2,0,1,0,3,4,1,1,0,0,27,6,3,0,1,0
2015-09-15,0,Tue,NYA,TBA,warra001,odorj001,3,6,33,5,0,0,2,3,1,0,0,4,0,6,0,0,0,0,8,7,6,6,0,0,24,6,1,0,1,0
2015-09-16,0,Wed,NYA,TBA,sevel001,archc001,3,1,33,6,2,0,1,3,0,0,0,4,0,9,0,0,0,0,7,4,1,1,0,0,27,8,1,0,1,0
2015-09-18,0,Fri,NYA,NYN,tanam001,matzs001,1,5,35,9,1,0,0,1,0,1,0,2,0,9,0,0,0,0,10,5,5,5,1,0,24,9,0,0,0,0
2015-09-19,0,Sat,NYA,NYN,pinem001,syndn001,5,0,34,7,1,1,2,5,0,0,0,2,0,10,0,0,0,0,4,7,0,0,0,0,27,9,0,0,1,0
2015-09-20,0,Sun,NYA,NYN,sabac001,harvm001,11,2,38,9,1,0,2,11,0,0,1,7,0,12,2,0,0,0,8,4,2,2,0,0,27,9,0,0,1,0
2015-09-21,0,Mon,NYA,TOR,warra001,pricd001,2,4,33,5,0,0,1,2,0,0,0,2,0,11,0,0,0,0,6,6,4,4,1,0,24,8,1,0,0,0
2015-09-22,0,Tue,NYA,TOR,sevel001,estrm001,6,4,39,12,4,0,2,6,0,1,0,5,1,6,0,0,0,1,10,4,4,4,1,0,30,16,0,0,1,0
2015-09-23,0,Wed,NYA,TOR,novai001,strom001,0,4,32,6,2,0,0,0,0,0,0,1,0,8,0,0,1,0,6,5,4,4,0,0,24,5,1,0,0,0
2015-09-24,0,Thu,CHA,NYA,salec001,pinem001,2,3,31,7,0,0,1,3,0,0,1,1,0,10,1,0,0,0,6,4,2,2,0,0,27,9,0,0,1,0
2015-09-25,0,Fri,CHA,NYA,rodoc001,sabac001,5,2,29,6,1,0,0,2,0,0,2,6,0,5,0,0,4,0,8,5,5,5,0,0,27,18,1,0,1,0
2015-09-26,0,Sat,CHA,NYA,dankj001,warra001,1,2,29,7,2,0,0,2,0,0,0,5,1,7,3,1,1,0,8,4,1,1,0,0,27,13,0,0,1,0
2015-09-27,0,Sun,CHA,NYA,johne003,sevel001,1,6,36,13,3,0,1,5,0,2,1,6,0,10,0,1,0,0,15,4,1,1,0,0,27,14,1,0,4,0
2015-09-28,0,Mon,BOS,NYA,rodre004,novai001,5,1,34,9,2,0,0,1,1,1,0,2,0,6,0,0,1,0,10,6,5,5,0,0,27,11,0,0,1,0
2015-09-29,0,Tue,BOS,NYA,porcr001,pinem001,10,4,34,7,2,0,1,4,0,0,1,1,0,9,1,0,1,0,5,3,10,10,0,0,27,15,1,0,2,0
2015-09-30,0,Wed,BOS,NYA,milew001,tanam001,9,5,42,12,3,0,1,5,0,0,0,11,1,6,2,1,1,0,15,7,6,5,0,0,33,10,1,0,0,0
2015-10-01,0,Thu,BOS,NYA,hillr001,sabac001,1,4,29,8,1,0,3,4,0,0,0,5,0,8,1,1,2,0,6,3,1,1,0,0,27,11,0,0,2,0
2015-10-03,2,Sat,NYA,BAL,sevel001,jimeu001,3,4,30,6,2,0,0,3,0,1,2,3,0,8,1,1,1,0,6,2,4,4,2,0,24,13,1,0,0,0
2015-10-03,1,Sat,NYA,BAL,novai001,chenw001,2,9,33,6,0,1,0,2,0,0,0,4,0,7,0,0,0,0,8,4,9,9,1,0,24,13,0,0,1,0
2015-10-04,0,Sun,NYA,BAL,pinem001,tillc001,4,9,37,10,2,2,0,4,0,0,0,5,0,7,0,0,0,0,11,9,9,9,0,0,24,3,0,0,0,0
2016-04-05,0,Tue,HOU,NYA,keucd001,tanam001,5,3,29,4,1,0,1,3,0,0,0,4,0,8,1,0,2,0,3,4,2,2,0,0,27,11,1,0,0,0
2016-04-06,0,Wed,HOU,NYA,mchuc001,pinem001,6,16,41,17,2,1,3,16,0,0,0,7,0,7,2,0,0,1,9,2,6,6,1,0,27,11,0,0,1,0
2016-04-07,0,Thu,HOU,NYA,fierm001,eovan001,5,8,35,12,2,0,3,8,0,1,0,1,0,6,1,0,0,0,5,5,5,5,0,0,27,6,0,0,0,0
2016-04-08,0,Fri,NYA,DET,sevel001,zimmj003,0,4,28,3,0,0,0,0,0,0,0,4,0,7,0,1,1,0,5,3,4,4,0,0,24,8,0,0,1,0
2016-04-09,0,Sat,NYA,DET,sabac001,pelfm001,8,4,38,13,0,1,2,8,0,1,1,4,0,7,1,1,1,0,9,5,4,4,2,0,27,9,1,0,1,0
2016-04-12,0,Tue,NYA,TOR,tanam001,sanca006,3,2,33,7,1,0,1,3,1,0,0,4,0,9,1,0,0,0,8,5,2,2,0,0,27,10,1,0,1,0
2016-04-13,0,Wed,NYA,TOR,pinem001,happj001,2,7,33,8,1,0,1,2,0,0,0,3,0,6,0,0,1,0,7,3,6,6,1,0,24,12,1,0,2,0
2016-04-14,0,Thu,NYA,TOR,eovan001,strom001,2,4,30,3,0,0,0,1,0,0,1,2,0,3,1,0,0,0,4,2,4,4,0,0,24,6,0,0,0,0
2016-04-15,0,Fri,SEA,NYA,karnn001,sevel001,7,1,33,6,1,0,1,1,0,0,0,7,0,10,1,0,0,0,12,3,7,7,1,0,27,9,1,0,3,0
2016-04-16,0,Sat,SEA,NYA,hernf002,sabac001,3,2,37,10,3,0,1,2,0,0,0,6,0,7,3,0,1,0,14,5,3,3,0,0,27,7,1,0,0,0
2016-04-17,0,Sun,SEA,NYA,iwakh001,tanam001,3,4,32,8,2,0,1,3,0,0,1,2,0,4,2,0,0,0,7,3,2,2,0,0,27,11,1,0,1,0
2016-04-19,0,Tue,OAK,NYA,surke001,pinem001,3,2,39,8,3,0,0,2,0,1,0,3,0,7,0,2,0,0,8,5,3,3,0,0,33,10,0,0,0,0
2016-04-20,0,Wed,OAK,NYA,gravk001,eovan001,5,2,31,6,1,0,2,2,0,0,0,3,0,9,0,0,1,1,6,4,5,5,0,0,27,11,1,0,2,0
2016-04-21,0,Thu,OAK,NYA,hillr001,sevel001,7,3,34,8,0,0,0,3,0,0,0,5,0,14,1,0,1,0,9,4,7,7,0,0,27,9,0,0,0,0
2016-04-22,0,Fri,TBA,NYA,moorm003,sabac001,3,6,32,10,1,0,1,5,0,0,0,3,0,6,2,0,1,0,5,4,3,3,0,0,27,8,1,0,0,0
2016-04-23,0,Sat,TBA,NYA,snelb001,tanam001,2,3,34,7,0,0,1,2,0,0,0,3,0,9,1,0,0,1,9,3,2,2,0,0,27,9,0,0,1,0
2016-04-24,0,Sun,TBA,NYA,smyld001,pinem001,8,1,32,6,1,0,0,1,0,0,1,1,0,8,0,0,1,0,6,3,8,8,0,0,27,4,0,0,0,0
2016-04-25,0,Mon,NYA,TEX,eovan001,ramoc001,3,1,36,10,1,0,2,3,0,0,0,2,0,9,0,0,1,0,8,3,1,1,0,0,27,13,1,0,3,0
2016-04-26,0,Tue,NYA,TEX,sevel001,grifa002,1,10,31,6,0,0,0,1,0,0,0,1,0,6,0,0,2,0,4,3,10,10,2,0,24,19,0,0,2,0
2016-04-27,0,Wed,NYA,TEX,sabac001,perem004,2,3,32,7,1,0,1,2,0,0,0,2,0,4,0,0,2,0,5,3,3,3,0,0,24,12,0,0,1,0
2016-04-29,0,Fri,NYA,BOS,tanam001,owenh002,2,4,29,6,0,1,1,2,0,0,1,3,0,5,0,1,2,0,4,2,4,4,1,0,24,8,1,0,0,0
2016-04-30,0,Sat,NYA,BOS,pinem001,porcr001,0,8,32,5,0,0,0,0,0,0,0,1,0,8,0,0,1,0,6,5,8,8,0,0,24,7,0,0,0,0
2016-05-01,0,Sun,NYA,BOS,eovan001,pricd001,7,8,33,9,4,0,1,6,2,0,1,2,0,7,0,0,1,0,4,4,8,8,1,0,24,13,2,0,0,0
2016-05-03,0,Tue,NYA,BAL,sevel001,tillc001,1,4,32,7,1,0,0,1,0,0,0,4,0,9,0,0,1,0,8,3,3,3,0,0,24,11,2,0,0,0
2016-05-04,0,Wed,NYA,BAL,sabac001,wilst004,7,0,35,10,3,0,0,6,0,1,1,5,0,5,2,0,2,0,8,4,0,0,0,0,27,10,0,0,3,0
2016-05-05,0,Thu,NYA,BAL,tanam001,gausk001,0,1,32,4,1,0,0,0,0,0,0,1,0,8,1,0,1,0,3,4,1,1,0,0,28,12,0,0,2,0
2016-05-06,0,Fri,BOS,NYA,porcr001,pinem001,2,3,27,6,2,0,1,3,1,0,0,3,0,5,3,0,1,0,4,5,2,2,0,0,27,8,0,0,1,0
2016-05-07,0,Sat,BOS,NYA,pricd001,eovan001,2,8,32,11,4,0,0,8,1,1,0,4,0,7,0,0,1,0,6,2,2,2,0,0,27,13,1,0,2,0
2016-05-08,0,Sun,BOS,NYA,wrigs001,sevel001,5,1,28,3,1,0,1,1,0,0,0,1,0,7,0,0,1,0,1,3,5,5,0,0,27,8,1,0,2,0
2016-05-09,0,Mon,KCA,NYA,younc003,novai001,3,6,32,9,0,0,5,6,0,1,0,1,0,5,0,0,0,0,4,5,3,3,0,0,27,13,1,0,2,0
2016-05-10,0,Tue,KCA,NYA,medlk001,tanam001,7,10,35,13,6,0,0,10,0,1,1,4,0,6,0,1,1,0,7,3,7,7,1,0,27,7,0,0,0,0
2016-05-11,0,Wed,KCA,NYA,venty001,pinem001,7,3,34,7,2,0,1,3,0,0,1,3,0,4,0,0,0,0,8,3,7,7,0,0,27,12,0,0,1,0
2016-05-12,0,Thu,KCA,NYA,kenni001,eovan001,3,7,31,7,0,0,3,7,0,0,0,5,0,8,0,0,0,0,5,5,3,3,0,0,27,9,0,0,1,0
2016-05-13,0,Fri,CHA,NYA,salec001,sevel001,7,1,33,6,1,0,1,1,0,0,0,0,0,6,0,0,0,0,5,4,7,7,0,0,27,8,0,0,0,0
2016-05-14,0,Sat,CHA,NYA,quinj001,novai001,1,2,28,5,3,0,0,2,0,0,0,2,0,6,0,0,1,0,4,4,1,1,0,0,27,13,0,0,0,0
2016-05-15,0,Sun,CHA,NYA,gonzm003,tanam001,5,7,34,10,2,0,2,7,0,1,1,6,0,3,2,0,0,1,12,5,5,5,0,0,27,9,0,0,0,0
2016-05-16,0,Mon,NYA,ARI,greec003,ray-r002,2,12,34,8,1,1,0,1,0,0,0,1,1,10,0,0,1,0,6,4,9,8,0,0,24,13,2,0,1,0
2016-05-17,0,Tue,NYA,ARI,pinem001,greiz001,3,5,33,6,0,0,1,3,0,0,0,1,0,10,0,0,0,0,4,3,5,5,0,0,24,7,2,1,0,0
2016-05-18,0,Wed,NYA,ARI,eovan001,mills001,4,2,36,11,2,0,1,3,1,0,0,4,1,10,0,0,0,0,10,4,2,2,0,0,27,12,0,0,0,0
2016-05-19,0,Thu,NYA,OAK,novai001,gravk001,4,1,35,10,3,0,1,4,0,0,1,4,0,7,1,0,1,0,9,4,1,1,0,1,27,12,0,0,2,0
2016-05-20,0,Fri,NYA,OAK,sabac001,grays001,8,3,40,13,3,2,0,7,0,0,0,6,0,7,0,0,1,1,12,3,3,3,0,0,27,6,1,0,0,0
2016-05-21,0,Sat,NYA,OAK,tanam001,manas001,5,1,34,8,2,0,0,5,0,1,0,3,0,7,0,0,1,0,6,2,1,1,0,0,27,7,0,0,0,0
2016-05-22,0,Sun,NYA,OAK,pinem001,hahnj001,5,4,35,10,1,0,2,5,1,0,1,0,0,6,0,1,1,0,5,4,3,3,0,0,27,12,2,0,0,0
2016-05-24,0,Tue,TOR,NYA,dickr001,eovan001,0,6,31,8,1,1,1,6,0,1,0,4,0,8,0,0,0,0,6,4,0,0,0,0,27,12,0,0,0,0
2016-05-25,0,Wed,TOR,NYA,estrm001,novai001,8,4,33,6,0,0,3,4,0,0,0,4,0,5,0,0,0,0,6,3,8,8,0,0,27,7,1,0,0,0
2016-05-26,0,Thu,TOR,NYA,happj001,sabac001,3,1,30,4,0,0,1,1,0,0,0,3,0,8,0,0,1,0,5,3,1,1,0,0,27,5,1,0,0,0
2016-05-27,0,Fri,NYA,TBA,tanam001,archc001,4,1,31,4,0,0,2,4,0,0,0,3,0,8,1,1,0,0,3,4,1,1,2,0,27,7,0,1,0,0
2016-05-28,0,Sat,NYA,TBA,pinem001,moorm003,5,9,37,12,0,0,1,5,0,0,0,4,0,10,0,1,1,0,9,3,9,9,0,0,24,7,0,0,0,0
2016-05-29,0,Sun,NYA,TBA,eovan001,odorj001,2,1,28,1,0,0,1,2,0,0,0,1,0,6,0,0,1,0,0,4,1,1,1,0,27,4,1,0,0,0
2016-05-30,0,Mon,NYA,TOR,novai001,estrm001,2,4,30,5,2,0,1,2,0,0,1,3,0,8,1,0,2,0,5,3,4,4,0,0,24,11,0,0,0,0
2016-05-31,0,Tue,NYA,TOR,sabac001,happj001,1,4,33,6,2,0,0,1,0,0,0,2,0,7,2,0,0,0,7,3,4,4,0,0,24,12,0,0,3,0
2016-06-01,0,Wed,NYA,TOR,tanam001,sanca006,0,7,34,7,1,0,0,0,0,0,0,2,0,8,1,0,0,0,9,4,6,6,0,0,24,12,2,0,2,0
2016-06-02,0,Thu,NYA,DET,pinem001,boydm001,5,4,34,8,1,1,0,5,0,1,0,1,0,6,0,0,0,0,4,4,4,4,3,0,27,13,1,0,2,0
2016-06-03,0,Fri,NYA,BAL,eovan001,tillc001,5,6,34,10,1,0,3,5,0,0,0,2,0,5,0,1,2,0,4,4,6,6,0,0,24,7,0,0,1,0
2016-06-04,0,Sat,NYA,BAL,novai001,wilst004,8,6,41,16,4,0,0,7,0,1,0,0,0,5,2,0,1,0,7,4,6,6,1,0,27,6,0,1,0,0
2016-06-05,0,Sun,NYA,BAL,sabac001,gausk001,1,3,36,10,2,0,0,1,0,0,0,2,0,8,0,0,2,0,10,4,2,2,0,0,24,8,1,0,1,0
2016-06-06,0,Mon,ANA,NYA,shoem001,tanam001,2,5,31,9,1,0,3,5,0,0,0,0,0,6,0,1,0,0,2,3,2,2,0,0,27,5,0,0,1,0
2016-06-07,0,Tue,ANA,NYA,huffd001,pinem001,3,6,31,10,1,0,2,6,1,1,0,2,0,4,1,0,2,0,5,3,3,3,0,0,27,9,0,0,0,0
2016-06-08,0,Wed,ANA,NYA,weavj003,eovan001,6,12,42,17,5,0,4,12,0,0,0,2,0,5,0,0,0,1,9,4,6,6,0,0,27,13,0,0,0,0
2016-06-09,0,Thu,ANA,NYA,chacj001,novai001,3,6,33,11,5,0,0,6,0,1,1,5,1,5,0,0,0,0,10,4,3,3,0,0,27,11,1,0,0,0
2016-06-10,0,Fri,DET,NYA,pelfm001,sabac001,0,4,28,7,1,0,0,4,0,0,0,5,0,2,0,0,2,0,5,3,0,0,0,0,27,9,1,0,1,0
2016-06-11,0,Sat,DET,NYA,verlj001,tanam001,6,1,32,6,1,1,0,1,0,0,0,3,0,7,0,0,1,0,7,4,6,6,0,0,27,15,0,0,1,0
2016-06-12,0,Sun,DET,NYA,fulmm001,pinem001,4,1,31,4,2,0,0,1,0,0,1,4,0,9,0,0,0,0,8,4,4,4,0,0,27,6,0,0,0,0
2016-06-14,0,Tue,NYA,COL,eovan001,delaj001,10,13,41,15,1,0,1,9,0,0,2,3,0,5,0,0,1,0,9,5,13,13,1,0,24,10,1,0,0,0
2016-06-15,0,Wed,NYA,COL,novai001,bettc001,3,6,34,7,0,0,0,2,0,0,0,0,0,7,0,0,0,0,4,4,6,6,0,0,24,9,0,0,2,0
2016-06-16,0,Thu,NYA,MIN,sabac001,gibsk002,4,1,30,7,1,0,1,4,1,0,0,2,0,8,0,0,2,0,2,4,1,1,0,0,27,11,1,0,0,0
2016-06-17,0,Fri,NYA,MIN,tanam001,deanp001,8,2,37,14,3,0,1,8,0,1,0,6,0,2,1,0,3,0,9,2,2,2,0,0,27,13,1,0,2,0
2016-06-18,0,Sat,NYA,MIN,pinem001,nolar001,7,6,36,12,0,0,2,7,0,1,0,2,1,8,0,0,2,0,5,4,5,5,0,0,27,10,1,0,1,0
2016-06-19,0,Sun,NYA,MIN,eovan001,sante001,4,7,35,7,1,0,2,3,0,0,0,0,0,6,0,0,1,0,4,4,7,7,0,0,24,10,0,0,0,0
2016-06-21,0,Tue,COL,NYA,bettc001,novai001,8,4,35,10,2,1,0,2,0,1,0,2,0,11,0,0,1,0,7,5,7,7,1,0,27,9,2,0,0,0
2016-06-22,0,Wed,COL,NYA,grayj003,sabac001,8,9,33,10,2,0,3,9,0,0,1,7,1,7,0,0,1,1,9,5,7,7,0,0,27,11,1,0,0,0
2016-06-24,0,Fri,MIN,NYA,milot001,tanam001,3,5,33,8,1,0,1,5,0,1,0,3,0,6,0,0,0,0,8,4,3,3,0,0,27,8,0,0,1,0
2016-06-25,0,Sat,MIN,NYA,sante001,pinem001,1,2,34,10,0,0,0,2,0,0,0,2,0,5,0,0,1,0,10,4,1,1,0,0,27,7,0,0,0,0
2016-06-26,0,Sun,MIN,NYA,dufft001,eovan001,7,1,29,2,1,0,1,1,0,0,0,0,0,8,0,0,0,0,1,4,7,7,0,0,27,12,0,0,1,0
2016-06-27,0,Mon,TEX,NYA,gonzc002,novai001,9,6,42,16,1,0,1,6,0,0,0,4,0,5,2,0,1,0,13,6,9,9,0,0,27,9,1,0,0,0
2016-06-28,0,Tue,TEX,NYA,hamec001,sabac001,7,1,33,8,1,0,0,1,0,1,0,1,0,7,0,0,0,0,7,3,7,7,0,0,27,11,0,0,1,0
2016-06-29,0,Wed,TEX,NYA,martn002,tanam001,7,9,34,10,0,0,4,8,0,1,0,7,0,3,2,0,1,0,8,2,7,7,0,0,27,11,2,0,0,0
2016-06-30,0,Thu,TEX,NYA,grifa002,pinem001,1,2,29,5,0,0,1,1,1,0,0,6,0,9,1,1,0,0,8,4,1,1,1,0,27,7,0,0,0,0
2016-07-01,0,Fri,NYA,SDN,eovan001,rea-c001,6,7,33,7,2,0,1,5,0,0,2,2,0,9,1,0,1,1,5,4,6,6,0,0,24,12,1,1,0,0
2016-07-02,0,Sat,NYA,SDN,novai001,pomed001,1,2,32,6,2,0,0,1,0,0,0,1,0,7,0,0,1,0,5,3,2,2,1,0,24,9,0,0,0,0
2016-07-03,0,Sun,NYA,SDN,greec003,casha001,6,3,37,10,1,0,3,5,0,0,1,4,1,6,2,0,1,0,9,5,3,3,1,0,27,8,0,0,1,0
2016-07-04,0,Mon,NYA,CHA,sabac001,shiej002,2,8,37,8,3,0,1,2,0,0,0,2,0,10,0,0,0,1,11,2,7,7,0,0,24,4,3,0,1,0
2016-07-05,0,Tue,NYA,CHA,tanam001,rodoc001,9,0,45,20,7,0,2,8,0,1,0,3,0,6,0,0,1,1,14,2,0,0,0,0,27,10,0,0,1,0
2016-07-06,0,Wed,NYA,CHA,pinem001,gonzm003,0,5,34,8,1,0,0,0,0,0,0,1,0,6,1,0,0,0,8,2,5,5,1,0,24,12,0,1,1,0
2016-07-07,0,Thu,NYA,CLE,novai001,bauet001,5,4,36,11,0,0,1,5,0,1,0,4,0,9,0,1,0,0,9,4,4,4,1,0,27,14,0,0,0,0
2016-07-08,0,Fri,NYA,CLE,greec003,klubc001,2,10,33,7,3,0,1,2,0,0,0,0,0,9,0,0,1,0,4,4,10,10,0,0,24,5,0,0,0,0
2016-07-09,0,Sat,NYA,CLE,sabac001,salad001,7,6,46,14,3,1,1,7,0,0,0,5,1,12,0,0,1,0,11,4,6,6,0,0,33,13,0,0,0,0
2016-07-10,0,Sun,NYA,CLE,tanam001,carrc003,11,7,41,13,4,0,1,9,0,2,1,3,0,8,0,0,0,0,9,2,3,3,1,0,27,5,1,0,1,0
2016-07-15,0,Fri,BOS,NYA,wrigs001,pinem001,5,3,31,4,0,0,0,3,0,0,1,1,0,6,0,0,0,0,3,5,5,5,0,0,27,8,0,0,0,0
2016-07-16,0,Sat,BOS,NYA,rodre004,sabac001,5,2,31,5,1,0,2,2,0,0,0,2,0,3,0,0,1,0,4,3,4,4,0,0,27,10,2,0,1,0
2016-07-17,0,Sun,BOS,NYA,pricd001,tanam001,1,3,35,11,3,0,0,3,0,0,1,2,0,2,1,0,0,0,11,4,1,1,0,0,27,5,1,0,1,0
2016-07-18,0,Mon,BAL,NYA,gausk001,novai001,1,2,29,7,2,0,1,2,0,1,0,2,0,6,0,1,0,0,6,4,1,1,0,0,27,12,1,0,1,0
2016-07-19,0,Tue,BAL,NYA,worlv001,eovan001,1,7,27,7,1,0,2,7,1,0,0,7,1,5,2,0,2,1,5,3,1,1,0,0,27,7,0,0,1,0
2016-07-20,0,Wed,BAL,NYA,gally001,pinem001,0,5,27,6,0,2,2,5,0,2,0,4,0,6,0,0,1,0,4,4,0,0,0,0,27,7,1,0,0,0
2016-07-21,0,Thu,BAL,NYA,tillc001,sabac001,4,1,30,5,1,0,0,1,0,0,0,2,0,8,0,0,2,0,4,2,4,4,0,1,27,16,1,0,0,0
2016-07-22,0,Fri,SFN,NYA,bumgm001,tanam001,2,3,32,8,1,0,0,2,0,0,0,4,0,6,0,0,0,0,9,4,2,2,1,0,27,4,1,0,1,0
2016-07-23,0,Sat,SFN,NYA,cuetj001,novai001,2,1,43,9,0,0,0,0,1,0,0,4,1,12,0,0,0,0,11,6,2,2,0,0,36,15,0,0,1,0
2016-07-24,0,Sun,SFN,NYA,samaj001,eovan001,2,5,30,8,1,0,2,4,0,0,0,1,0,5,0,0,2,0,2,3,2,2,0,0,27,14,0,0,1,0
2016-07-25,0,Mon,NYA,HOU,pinem001,keucd001,2,1,33,7,3,0,0,2,0,0,0,0,0,5,1,0,1,0,4,3,1,1,2,0,27,10,1,0,1,0
2016-07-26,0,Tue,NYA,HOU,sabac001,fistd001,6,3,37,13,2,1,0,6,0,2,1,3,1,10,0,1,0,0,10,4,3,3,0,0,27,8,0,0,0,0
2016-07-27,0,Wed,NYA,HOU,tanam001,mccul002,1,4,32,5,0,0,1,1,0,0,0,2,0,15,0,0,0,0,6,3,4,4,1,0,24,8,0,0,1,0
2016-07-29,0,Fri,NYA,TBA,novai001,odorj001,1,5,37,10,0,0,0,1,0,0,0,1,0,5,0,0,0,0,10,2,5,5,0,0,24,8,1,0,0,0
2016-07-30,0,Sat,NYA,TBA,eovan001,smyld001,3,6,30,5,1,0,2,3,0,0,0,2,0,10,0,0,2,1,3,4,6,6,0,0,24,6,0,0,0,0
2016-07-31,0,Sun,NYA,TBA,pinem001,snelb001,3,5,33,9,0,0,1,3,0,0,0,4,0,13,0,0,3,0,7,2,5,5,1,0,24,8,0,0,0,0
2016-08-01,0,Mon,NYA,NYN,sabac001,verrl001,6,5,33,7,2,1,0,5,2,1,1,6,0,7,2,0,1,0,7,6,5,5,0,0,30,8,0,0,1,0
2016-08-02,0,Tue,NYA,NYN,tanam001,degrj001,1,7,32,6,1,0,1,1,0,0,1,2,0,10,0,0,1,0,7,3,6,6,1,0,24,8,2,0,0,0
2016-08-03,0,Wed,NYN,NYA,matzs001,greec003,5,9,32,9,3,0,1,9,0,1,1,4,0,8,0,0,1,0,5,3,4,4,0,0,27,13,2,0,3,0
2016-08-04,0,Thu,NYN,NYA,colob001,eovan001,4,1,35,9,1,0,0,1,0,0,0,0,0,3,0,0,1,0,7,3,4,4,0,0,27,4,0,0,0,0
2016-08-05,0,Fri,CLE,NYA,tomlj001,pinem001,7,13,39,16,4,1,2,13,0,0,0,8,2,4,0,0,1,0,10,6,7,7,0,0,27,9,0,0,1,0
2016-08-06,0,Sat,CLE,NYA,klubc001,sabac001,5,2,30,6,1,0,0,1,0,0,0,1,0,10,0,1,1,0,2,5,5,5,0,0,27,11,0,1,2,0
2016-08-07,0,Sun,CLE,NYA,carrc003,tanam001,2,3,27,5,1,1,1,3,0,1,1,2,0,12,0,0,0,0,4,4,1,1,1,0,27,9,3,0,1,0
2016-08-09,0,Tue,NYA,BOS,sevel001,porcr001,3,5,34,7,5,0,0,3,0,0,0,5,0,8,0,0,0,0,9,4,5,5,0,0,24,10,0,0,1,0
2016-08-10,0,Wed,NYA,BOS,eovan001,pomed001,9,4,39,15,1,0,2,7,1,0,0,4,0,7,0,0,2,0,8,8,4,4,1,0,27,7,0,0,0,0
2016-08-11,0,Thu,NYA,BOS,pinem001,rodre004,4,2,33,7,1,0,1,4,0,0,0,2,1,11,0,0,0,0,4,3,2,2,1,0,27,11,0,0,1,0
2016-08-12,0,Fri,TBA,NYA,archc001,sabac001,3,6,32,8,2,0,2,6,0,0,1,1,0,9,1,0,0,0,4,4,3,3,0,0,27,10,0,0,1,0
2016-08-13,0,Sat,TBA,NYA,andrm001,tanam001,4,8,35,11,1,0,5,8,0,0,0,1,0,12,2,0,0,0,4,4,4,4,0,0,27,7,0,0,0,0
2016-08-14,0,Sun,TBA,NYA,odorj001,sevel001,12,3,32,7,0,0,2,3,0,0,1,2,0,7,0,0,2,0,5,4,12,12,0,0,27,9,1,0,1,0
2016-08-15,0,Mon,TOR,NYA,dickr001,greec003,0,1,32,8,3,0,0,1,0,0,0,7,0,9,0,0,0,0,14,4,0,0,0,0,27,8,0,0,1,0
2016-08-16,0,Tue,TOR,NYA,estrm001,pinem001,12,6,35,8,1,0,3,6,0,0,0,0,0,10,0,0,0,0,2,7,12,12,0,0,27,10,1,0,1,0
2016-08-17,0,Wed,TOR,NYA,happj001,sabac001,7,4,35,9,0,0,3,4,0,0,0,1,0,11,0,0,1,0,5,4,7,7,0,0,27,4,1,0,0,0
2016-08-19,0,Fri,NYA,ANA,tanam001,weavj003,7,0,41,15,4,0,4,7,0,0,0,1,0,4,1,0,1,0,8,4,0,0,0,0,27,10,0,0,0,0
2016-08-20,0,Sat,NYA,ANA,cessl001,nolar001,5,1,36,8,2,0,1,5,0,0,0,1,0,7,1,0,0,0,5,4,1,1,1,0,27,11,0,0,0,0
2016-08-21,0,Sun,NYA,ANA,greec003,chacj001,0,2,32,6,1,0,0,0,0,0,0,3,0,8,1,0,1,0,8,3,2,2,0,0,24,5,0,0,0,0
2016-08-22,0,Mon,NYA,SEA,pinem001,martc008,5,7,34,9,0,0,4,5,0,0,0,3,0,8,0,0,2,0,5,4,7,7,0,0,24,10,0,0,2,0
2016-08-23,0,Tue,NYA,SEA,sabac001,walkt004,5,1,37,9,4,0,1,5,0,1,0,3,0,10,1,0,0,0,9,3,1,1,1,0,27,10,0,0,1,0
2016-08-24,0,Wed,NYA,SEA,tanam001,iwakh001,5,0,33,9,2,0,1,5,1,2,1,5,2,8,0,0,1,0,10,3,0,0,0,0,27,10,0,0,1,0
2016-08-26,0,Fri,BAL,NYA,gally001,cessl001,4,14,42,18,3,0,3,14,0,0,0,2,0,4,0,0,1,0,6,4,4,4,0,0,27,13,1,0,0,0
2016-08-27,0,Sat,BAL,NYA,bundd001,greec003,5,13,42,18,3,0,3,12,0,0,2,7,0,11,2,0,0,0,14,5,5,5,0,0,27,7,0,0,0,0
2016-08-28,0,Sun,BAL,NYA,gausk001,sabac001,5,0,34,8,2,0,0,0,0,0,0,0,0,10,1,0,0,0,7,4,5,5,0,0,27,10,0,0,1,0
2016-08-29,0,Mon,NYA,KCA,pinem001,gee-d001,5,8,35,9,3,0,0,5,0,1,1,3,0,7,0,0,0,1,9,4,8,8,1,0,24,9,0,0,0,0
2016-08-30,0,Tue,NYA,KCA,tanam001,volqe001,5,4,43,14,2,0,1,5,0,1,0,4,0,9,0,0,0,0,13,7,3,3,0,0,30,11,2,0,1,0
2016-08-31,0,Wed,NYA,KCA,cessl001,kenni001,5,4,48,11,2,0,1,5,0,3,0,4,2,5,1,0,0,0,11,7,3,3,1,0,39,17,1,0,1,0
2016-09-02,0,Fri,NYA,BAL,greec003,bundd001,0,8,28,2,0,0,0,0,0,0,0,4,0,7,0,0,0,0,5,6,8,8,1,0,24,7,0,0,0,0
2016-09-03,0,Sat,NYA,BAL,sabac001,gausk001,0,2,29,4,0,0,0,0,0,0,1,2,0,10,0,0,2,0,5,3,1,1,1,0,24,10,1,0,2,0
2016-09-04,0,Sun,NYA,BAL,pinem001,milew001,5,2,29,7,0,0,0,5,1,1,0,7,0,6,0,0,3,0,6,6,2,2,1,0,27,9,0,0,0,0
2016-09-05,0,Mon,TOR,NYA,dickr001,tanam001,3,5,31,8,2,0,1,5,0,0,0,2,0,11,1,0,1,0,4,6,3,3,0,0,27,7,0,0,0,0
2016-09-06,0,Tue,TOR,NYA,sanca006,cessl001,6,7,30,7,0,1,3,7,0,1,0,4,0,6,0,0,0,0,4,8,6,6,1,0,27,8,0,1,2,0
2016-09-07,0,Wed,TOR,NYA,strom001,mitcb001,0,2,33,9,3,0,1,2,0,0,0,2,1,12,0,1,0,0,9,3,0,0,0,0,27,16,0,0,2,0
2016-09-08,0,Thu,TBA,NYA,cobba001,sabac001,4,5,34,10,0,0,3,4,0,0,0,1,0,4,0,1,1,0,4,6,4,4,0,0,27,8,0,0,1,0
2016-09-09,0,Fri,TBA,NYA,snelb001,pinem001,5,7,31,9,2,0,2,6,0,0,0,11,0,6,0,0,1,0,11,6,5,5,1,0,27,6,0,0,0,0
2016-09-10,0,Sat,TBA,NYA,archc001,tanam001,1,5,29,6,2,0,2,5,0,2,0,1,0,6,0,0,0,0,3,4,1,1,0,0,27,10,0,0,1,0
2016-09-11,0,Sun,TBA,NYA,andrm001,cessl001,4,2,34,7,1,0,1,2,0,0,0,1,0,7,1,1,0,0,6,4,4,4,0,0,27,6,0,1,0,0
2016-09-12,0,Mon,LAN,NYA,delej003,mitcb001,8,2,32,5,1,0,2,2,0,0,1,3,0,11,0,0,0,0,7,5,7,7,0,0,27,11,1,0,0,0
2016-09-13,0,Tue,LAN,NYA,uriaj001,sabac001,0,3,29,8,0,0,3,3,0,0,1,4,0,5,0,0,2,0,7,4,0,0,0,0,27,11,0,1,0,0
2016-09-14,0,Wed,LAN,NYA,kersc001,pinem001,2,0,30,3,0,0,0,0,1,0,0,2,0,14,0,0,0,0,6,5,0,0,0,0,27,11,3,0,2,0
2016-09-15,0,Thu,NYA,BOS,tanam001,rodre004,5,7,38,14,5,0,0,5,1,1,1,3,0,8,3,0,0,0,12,5,7,7,1,0,26,15,0,1,0,0
2016-09-16,0,Fri,NYA,BOS,cessl001,buchc001,4,7,34,9,4,0,1,4,0,0,2,3,0,7,0,0,2,0,8,6,7,7,1,0,24,13,0,0,1,0
2016-09-17,0,Sat,NYA,BOS,mitcb001,pricd001,5,6,35,9,2,1,1,5,0,0,0,2,0,12,0,1,0,0,5,4,5,5,1,0,24,6,0,1,0,0
2016-09-18,0,Sun,NYA,BOS,sabac001,pomed001,4,5,38,11,3,0,1,4,0,0,0,2,0,7,0,0,0,0,9,4,5,5,0,0,24,8,1,1,0,0
2016-09-20,0,Tue,NYA,TBA,pinem001,smyld001,5,3,37,10,2,0,2,5,0,0,0,4,1,6,1,0,0,0,9,5,1,1,1,0,27,3,1,0,0,0
2016-09-21,0,Wed,NYA,TBA,tanam001,cobba001,11,5,43,17,2,0,3,11,0,1,0,3,0,8,0,0,0,0,9,5,5,5,2,0,27,11,0,0,1,0
2016-09-22,0,Thu,NYA,TBA,cessl001,snelb001,0,2,35,8,0,0,0,0,0,0,0,3,0,9,0,0,0,0,11,2,2,2,0,0,24,8,0,0,1,0
2016-09-23,0,Fri,NYA,TOR,mitcb001,lirif001,0,9,30,3,1,0,0,0,0,0,0,3,0,8,0,0,1,0,6,4,7,7,0,0,24,14,2,0,2,0
2016-09-24,0,Sat,NYA,TOR,sabac001,strom001,0,3,27,3,0,1,0,0,0,0,0,3,0,7,0,1,2,0,3,2,3,3,1,0,24,14,0,0,2,0
2016-09-25,0,Sun,NYA,TOR,pinem001,estrm001,3,4,34,8,2,0,1,3,0,1,0,2,0,9,1,0,0,0,7,4,4,4,1,0,25,12,1,1,1,0
2016-09-26,0,Mon,NYA,TOR,sevel001,happj001,7,5,36,11,2,0,2,7,0,1,1,2,0,3,0,0,1,0,6,8,4,4,1,0,27,8,1,0,2,0
2016-09-27,0,Tue,BOS,NYA,pricd001,cessl001,4,6,32,14,0,0,3,6,2,0,0,1,0,2,0,0,3,0,5,5,4,4,0,0,27,11,1,0,1,0
2016-09-28,0,Wed,BOS,NYA,buchc001,mitcb001,3,5,28,3,0,0,1,5,0,0,0,6,0,8,0,0,1,0,3,5,1,1,0,0,27,11,1,1,1,0
2016-09-29,0,Thu,BOS,NYA,owenh002,sabac001,1,5,32,8,3,0,0,4,0,0,0,7,0,9,2,0,0,0,10,3,1,1,0,0,27,10,0,0,2,0
2016-09-30,0,Fri,BAL,NYA,gally001,pinem001,8,1,28,3,0,0,0,1,0,1,0,6,0,7,1,1,0,1,8,5,8,8,0,0,27,6,1,0,0,0
2016-10-01,0,Sat,BAL,NYA,milew001,sevel001,3,7,34,12,4,0,1,7,0,0,0,4,0,10,1,0,1,0,7,6,3,3,0,0,27,5,0,0,1,0
2016-10-02,0,Sun,BAL,NYA,gausk001,cessl001,5,2,36,10,0,0,1,2,0,0,0,1,0,6,0,0,1,0,8,5,5,5,0,0,27,10,0,0,0,0
2017-04-02,0,Sun,NYA,TBA,tanam001,archc001,3,7,36,9,1,0,0,3,0,1,1,1,0,8,0,0,0,0,9,5,7,7,1,0,24,5,1,0,0,0
2017-04-04,0,Tue,NYA,TBA,sabac001,odorj001,5,0,36,9,4,0,2,5,0,0,0,3,0,5,1,0,0,0,7,6,0,0,0,0,27,12,0,0,0,0
2017-04-05,0,Wed,NYA,TBA,pinem001,cobba001,1,4,33,8,1,0,1,1,0,0,0,2,0,6,0,0,2,0,7,4,4,4,1,0,24,9,0,1,0,0
2017-04-07,0,Fri,NYA,BAL,sevel001,jimeu001,5,6,35,10,1,0,2,5,0,0,0,4,0,10,2,1,1,0,7,5,5,5,0,0,24,6,2,0,0,0
2017-04-08,0,Sat,NYA,BAL,tanam001,gausk001,4,5,34,9,1,0,0,3,0,0,0,6,0,8,1,1,0,0,9,5,5,5,0,0,24,8,0,0,1,0
2017-04-09,0,Sun,NYA,BAL,sabac001,milew001,7,3,34,9,0,1,1,6,0,1,0,11,0,8,1,0,0,0,12,4,2,2,1,0,27,7,0,1,1,0
2017-04-10,0,Mon,TBA,NYA,cobba001,pinem001,1,8,36,10,2,1,3,8,0,0,0,1,0,7,2,0,1,0,5,3,1,1,0,0,27,9,0,0,0,0
2017-04-12,0,Wed,TBA,NYA,snelb001,montj004,4,8,34,8,0,0,1,6,0,0,0,5,0,1,1,0,0,0,7,6,2,2,0,0,27,8,1,1,0,0
2017-04-13,0,Thu,TBA,NYA,andrm001,sevel001,2,3,29,7,2,0,2,3,0,0,0,5,1,7,0,0,1,0,7,3,2,2,0,0,27,6,0,0,0,0
2017-04-14,0,Fri,SLN,NYA,wachm001,tanam001,3,4,32,9,1,0,2,3,0,0,0,4,0,10,2,0,1,0,8,4,3,3,0,0,27,10,0,0,0,0
2017-04-15,0,Sat,SLN,NYA,martc006,sabac001,2,3,31,5,1,0,0,2,0,0,0,8,0,17,2,0,0,0,12,3,2,2,0,0,27,9,0,0,0,0
2017-04-16,0,Sun,SLN,NYA,waina001,pinem001,3,9,31,13,3,1,2,9,0,1,0,7,0,5,0,2,2,0,6,3,3,3,1,0,27,9,1,0,1,0
2017-04-17,0,Mon,CHA,NYA,holld003,montj004,4,7,33,9,3,0,2,7,0,0,0,1,0,9,0,0,1,0,3,3,4,4,0,0,27,12,0,1,4,0
2017-04-18,0,Tue,CHA,NYA,gonzm003,sevel001,4,1,29,4,0,0,0,1,0,0,0,3,0,5,0,0,2,0,4,2,3,3,0,0,27,10,1,0,0,0
2017-04-19,0,Wed,CHA,NYA,coved001,tanam001,1,9,33,11,2,0,4,9,0,0,0,3,0,7,0,0,0,0,3,3,1,1,0,0,27,14,0,0,1,0
2017-04-21,0,Fri,NYA,PIT,sabac001,glast001,3,6,39,10,1,0,0,0,0,0,0,2,0,8,3,0,0,0,11,5,4,4,0,0,24,5,1,0,1,0
2017-04-22,0,Sat,NYA,PIT,pinem001,tailj001,11,5,41,13,4,0,3,10,0,0,1,3,0,6,1,0,1,0,7,6,5,5,0,0,27,10,0,0,0,0
2017-04-23,0,Sun,NYA,PIT,montj004,novai001,1,2,33,6,0,0,1,1,0,0,0,3,0,9,0,0,1,0,8,2,2,2,0,0,24,9,0,0,3,0
2017-04-26,0,Wed,NYA,BOS,sevel001,porcr001,3,1,33,5,1,0,1,3,0,0,0,7,0,12,1,0,0,0,10,3,1,1,1,0,27,11,0,0,1,0
2017-04-27,0,Thu,NYA,BOS,tanam001,salec001,3,0,31,9,0,0,0,3,1,1,1,0,0,10,0,0,2,0,4,1,0,0,0,0,27,14,0,0,1,0
2017-04-28,0,Fri,BAL,NYA,gausk001,sabac001,11,14,41,14,3,0,5,14,0,0,0,7,0,7,0,0,1,0,6,5,11,11,0,0,30,12,0,0,0,0
2017-04-29,0,Sat,BAL,NYA,jimeu001,pinem001,4,12,33,10,1,0,4,12,0,1,0,6,0,12,1,0,0,0,4,3,2,2,1,0,27,6,1,0,0,0
2017-04-30,0,Sun,BAL,NYA,milew001,montj004,7,4,43,13,1,0,1,4,2,0,1,7,0,12,0,0,2,0,16,6,7,7,1,0,33,6,2,0,1,0
2017-05-01,0,Mon,TOR,NYA,estrm001,sevel001,7,1,34,7,0,0,0,1,0,0,0,1,0,7,1,0,1,1,8,2,7,7,0,0,27,11,0,0,1,0
2017-05-02,0,Tue,TOR,NYA,latom001,tanam001,5,11,39,16,4,0,5,11,0,0,0,4,0,10,0,0,1,0,8,5,5,5,0,1,27,10,1,0,0,0
2017-05-03,0,Wed,TOR,NYA,strom001,sabac001,6,8,34,12,1,0,2,8,0,0,0,8,0,11,0,1,1,0,10,5,6,6,1,0,27,8,0,0,1,0
2017-05-05,0,Fri,NYA,CHN,pinem001,hendk001,3,2,34,11,2,0,1,3,1,0,1,3,0,10,1,0,1,0,9,4,2,2,0,0,27,11,2,0,0,0
2017-05-06,0,Sat,NYA,CHN,montj004,andeb004,11,6,39,14,4,0,2,9,0,0,0,6,0,5,1,0,3,0,7,4,5,5,0,0,27,10,1,1,0,0
2017-05-07,0,Sun,NYA,CHN,sevel001,lestj001,5,4,63,10,0,1,1,5,2,0,0,5,0,22,3,0,0,0,11,7,4,4,1,0,54,19,0,0,1,0
2017-05-08,0,Mon,NYA,CIN,tanam001,davir004,10,4,36,13,0,0,2,10,1,1,3,7,0,5,0,0,1,0,11,3,3,3,0,0,27,11,2,0,4,0
2017-05-09,0,Tue,NYA,CIN,sabac001,adlet001,3,5,31,7,1,0,2,3,0,0,1,6,0,7,0,0,2,0,8,3,5,5,0,0,24,10,1,0,0,0
2017-05-11,0,Thu,HOU,NYA,keucd001,pinem001,3,2,33,7,0,0,0,2,0,0,0,4,0,14,3,0,1,1,9,4,3,3,0,0,27,12,0,0,0,0
2017-05-12,0,Fri,HOU,NYA,mccul002,montj004,5,1,35,7,1,0,0,1,0,0,0,0,0,13,0,0,0,0,7,5,5,5,0,0,27,2,1,0,0,0
2017-05-14,1,Sun,HOU,NYA,fierm001,sevel001,6,11,37,11,5,1,3,11,0,0,0,3,1,11,0,0,0,0,5,4,5,5,0,0,27,12,1,0,2,0
2017-05-14,2,Sun,HOU,NYA,mortc002,tanam001,10,7,36,10,2,0,1,5,0,0,1,6,0,16,0,0,1,0,9,5,8,8,0,0,27,7,1,1,0,0
2017-05-16,0,Tue,NYA,KCA,sabac001,hammj002,7,1,40,13,1,0,2,7,0,0,0,3,0,3,2,0,0,0,9,3,1,1,1,0,27,6,0,0,0,0
2017-05-17,0,Wed,NYA,KCA,pinem001,vargj001,11,7,40,16,2,1,1,11,0,1,0,5,0,8,0,0,1,0,8,5,6,6,1,0,27,13,2,0,2,0
2017-05-18,0,Thu,NYA,KCA,montj004,duffd001,1,5,34,7,2,0,0,1,0,0,0,2,0,14,0,0,1,0,8,2,5,5,0,0,24,8,0,0,1,0
2017-05-19,0,Fri,NYA,TBA,sevel001,ramie004,4,5,32,8,2,0,1,4,0,0,1,2,0,7,1,0,3,0,4,5,5,5,0,0,24,5,0,0,0,0
2017-05-20,0,Sat,NYA,TBA,tanam001,andrm001,5,9,34,7,3,0,2,5,0,0,2,1,0,10,0,0,0,0,5,5,9,9,1,0,24,4,0,0,0,0
2017-05-21,0,Sun,NYA,TBA,sabac001,archc001,3,2,35,7,1,0,1,3,0,0,0,3,0,17,0,0,1,0,8,4,1,1,0,0,27,10,1,0,1,0
2017-05-22,0,Mon,KCA,NYA,vargj001,pinem001,2,4,29,6,1,0,3,4,0,0,0,3,0,8,0,1,0,0,4,4,2,2,2,0,27,14,0,0,0,0
2017-05-23,0,Tue,KCA,NYA,duffd001,montj004,6,2,33,8,1,0,2,2,0,0,0,4,0,8,0,0,2,0,8,5,6,6,1,0,27,5,0,0,0,0
2017-05-24,0,Wed,KCA,NYA,hammj002,sevel001,0,3,30,7,2,0,1,3,0,1,0,2,0,8,1,0,0,0,6,2,0,0,0,0,27,7,0,0,1,0
2017-05-26,0,Fri,OAK,NYA,manas001,tanam001,4,1,29,5,1,0,0,1,0,1,0,3,0,10,0,1,1,1,6,3,4,4,1,0,27,8,1,0,0,0
2017-05-27,0,Sat,OAK,NYA,cottj001,sabac001,2,3,24,2,0,0,1,3,0,1,1,5,0,8,0,1,0,0,4,4,2,2,0,0,27,7,0,0,0,0
2017-05-28,0,Sun,OAK,NYA,triga001,pinem001,5,9,32,10,2,0,1,9,0,2,0,4,0,6,1,1,0,0,5,4,4,4,0,1,27,8,1,0,1,0
2017-05-29,0,Mon,NYA,BAL,montj004,bundd001,2,3,30,7,1,0,1,2,0,1,1,1,0,6,0,0,2,0,4,3,1,1,0,0,24,12,1,0,0,0
2017-05-30,0,Tue,NYA,BAL,sevel001,tillc001,8,3,40,14,2,0,4,8,0,0,2,3,0,6,0,0,0,0,10,5,1,1,0,0,27,7,1,0,0,0
2017-05-31,0,Wed,NYA,BAL,tanam001,gausk001,4,10,37,11,3,0,0,3,0,0,0,5,0,9,0,0,1,0,11,4,10,10,0,0,24,6,0,0,1,0
2017-06-01,0,Thu,NYA,TOR,sabac001,estrm001,12,2,43,15,4,0,2,12,0,0,0,3,0,11,0,0,0,0,7,2,2,2,0,0,27,8,0,0,2,0
2017-06-02,0,Fri,NYA,TOR,pinem001,lirif001,5,7,35,8,3,0,2,5,0,0,0,4,0,10,0,0,1,0,7,4,6,6,1,0,24,10,2,0,1,0
2017-06-03,0,Sat,NYA,TOR,montj004,biagj001,7,0,36,8,4,0,4,7,0,0,0,1,0,8,1,0,0,0,3,4,0,0,0,0,27,5,0,0,0,0
2017-06-04,0,Sun,NYA,TOR,sevel001,strom001,2,3,31,6,1,0,0,2,0,0,0,1,0,9,2,1,1,0,3,2,3,3,0,0,24,11,0,0,1,0
2017-06-06,0,Tue,BOS,NYA,pomed001,tanam001,5,4,35,9,2,0,1,1,0,0,0,4,0,13,0,0,2,0,8,4,5,5,0,0,27,10,0,0,0,0
2017-06-07,0,Wed,BOS,NYA,porcr001,sabac001,0,8,36,12,0,1,2,8,0,0,0,3,1,7,1,0,1,0,7,2,0,0,0,0,27,15,0,0,1,0
2017-06-08,0,Thu,BOS,NYA,pricd001,pinem001,1,9,37,13,0,0,3,9,0,0,1,5,0,6,0,0,0,0,10,4,0,0,1,0,27,11,1,1,1,0
2017-06-09,0,Fri,BAL,NYA,bundd001,montj004,2,8,33,11,3,0,3,8,1,1,0,4,0,6,0,0,0,0,7,3,2,2,1,0,27,10,0,0,0,0
2017-06-10,0,Sat,BAL,NYA,tillc001,sevel001,3,16,40,18,6,0,5,16,0,0,1,5,0,7,0,0,1,0,6,3,3,3,0,0,27,13,0,0,1,0
2017-06-11,0,Sun,BAL,NYA,gausk001,greec003,3,14,37,15,3,0,4,14,0,0,0,9,0,4,0,0,2,0,8,5,3,3,0,0,27,13,0,0,2,0
2017-06-12,0,Mon,NYA,ANA,tanam001,meyea001,5,3,38,11,1,0,1,5,0,0,0,8,1,9,1,0,0,0,14,3,1,1,0,0,27,7,2,0,0,0
2017-06-13,0,Tue,NYA,ANA,sabac001,ramij002,2,3,41,7,2,0,1,2,0,0,0,5,1,12,0,1,0,0,11,7,2,2,0,0,32,17,1,0,0,0
2017-06-14,0,Wed,NYA,ANA,pinem001,shoem001,5,7,36,14,1,1,1,5,0,1,1,1,0,5,1,0,1,0,7,2,7,7,1,0,24,12,1,0,0,0
2017-06-15,0,Thu,NYA,OAK,montj004,grays001,7,8,44,16,3,0,1,7,0,1,0,5,1,14,3,0,1,0,13,5,8,8,1,0,29,9,0,0,0,0
2017-06-16,0,Fri,NYA,OAK,sevel001,manas001,6,7,36,10,1,1,2,6,0,0,0,4,0,12,0,0,1,0,7,3,7,7,2,0,24,8,0,0,2,0
2017-06-17,0,Sat,NYA,OAK,tanam001,hahnj001,2,5,32,5,0,0,0,2,0,1,0,3,0,12,0,0,0,0,7,2,5,5,1,0,24,5,0,0,1,0
2017-06-18,0,Sun,NYA,OAK,cessl001,cottj001,3,4,32,6,1,0,2,3,0,0,2,1,0,8,1,1,1,0,5,4,4,4,0,0,24,6,0,0,0,0
2017-06-20,0,Tue,ANA,NYA,bridp001,pinem001,8,3,30,4,1,0,2,3,0,1,0,5,0,9,0,0,0,0,6,4,6,6,0,0,27,8,1,0,1,0
2017-06-21,0,Wed,ANA,NYA,nolar001,montj004,4,8,34,12,2,0,2,8,0,0,0,5,0,7,0,1,1,0,7,5,4,4,0,1,27,14,1,0,0,0
2017-06-22,0,Thu,ANA,NYA,chavj001,sevel001,10,5,34,8,1,0,1,5,0,0,0,2,0,10,1,0,1,0,4,4,8,6,2,0,27,13,3,0,1,0
2017-06-23,0,Fri,TEX,NYA,darvy001,tanam001,1,2,35,7,0,0,1,2,0,0,1,0,0,14,1,0,1,0,5,4,0,0,0,0,30,11,1,2,1,0
2017-06-24,0,Sat,TEX,NYA,bibea001,cessl001,8,1,31,5,0,0,1,1,0,0,0,1,0,6,2,0,1,0,4,4,8,8,1,0,27,5,0,0,0,0
2017-06-25,0,Sun,TEX,NYA,martn002,pinem001,7,6,37,11,1,0,2,6,0,0,0,3,0,8,0,1,0,0,7,5,7,7,0,0,27,8,0,0,1,0
2017-06-26,0,Mon,NYA,CHA,montj004,holmd002,6,5,31,6,1,0,1,5,0,3,1,7,0,5,0,0,0,0,9,5,5,5,0,0,27,17,1,0,1,0
2017-06-27,0,Tue,NYA,CHA,sevel001,quinj001,3,4,32,7,2,0,0,3,0,0,0,5,0,9,0,0,2,1,8,4,4,4,1,0,26,9,0,0,0,0
2017-06-28,0,Wed,NYA,CHA,tanam001,rodoc001,12,3,35,9,4,0,2,11,0,0,0,10,0,5,1,0,1,0,6,4,3,3,2,0,27,14,1,0,2,0
2017-06-29,0,Thu,NYA,CHA,cessl001,shiej002,3,4,33,7,0,1,0,2,0,0,1,4,1,5,1,0,1,0,8,5,2,2,0,0,24,9,1,0,0,0
2017-06-30,0,Fri,NYA,HOU,pinem001,mccul002,13,4,40,14,4,0,1,12,0,1,0,7,0,11,0,0,0,0,8,2,3,3,0,0,27,10,2,0,0,0
2017-07-01,0,Sat,NYA,HOU,montj004,martf003,6,7,34,10,1,0,2,6,0,0,0,3,0,9,3,0,2,0,4,4,7,7,1,0,24,8,1,0,1,0
2017-07-02,0,Sun,NYA,HOU,sevel001,fierm001,1,8,32,6,2,0,0,1,0,0,0,5,0,13,1,0,1,0,9,3,8,8,1,0,24,4,2,0,0,0
2017-07-03,0,Mon,TOR,NYA,strom001,tanam001,3,6,30,8,3,0,0,4,0,0,1,4,0,6,0,0,3,0,5,3,3,3,1,0,27,11,1,1,2,0
2017-07-04,0,Tue,TOR,NYA,happj001,sabac001,4,1,31,4,0,0,1,1,0,0,0,3,0,11,0,0,0,0,6,5,4,4,2,0,27,6,0,0,1,0
2017-07-05,0,Wed,TOR,NYA,estrm001,pinem001,7,6,31,6,1,0,2,6,1,0,0,6,1,10,0,0,1,0,5,5,7,7,0,0,27,6,1,0,1,0
2017-07-07,0,Fri,MIL,NYA,guerj003,montj004,9,4,31,4,0,1,2,4,0,1,1,6,0,12,0,1,2,0,8,5,9,9,1,0,27,10,1,0,2,0
2017-07-08,0,Sat,MIL,NYA,suteb001,sevel001,3,5,31,6,1,1,1,4,0,0,0,3,0,8,0,0,0,0,4,3,3,3,1,0,27,8,1,0,1,0
2017-07-09,0,Sun,MIL,NYA,nelsj004,tanam001,5,3,35,8,1,0,1,3,0,0,0,5,0,14,3,0,1,0,10,6,5,5,0,0,27,9,0,0,0,0
2017-07-14,0,Fri,NYA,BOS,montj004,pomed001,4,5,32,6,1,0,1,4,0,0,0,2,0,10,0,0,1,0,3,5,4,4,0,0,24,6,2,0,1,0
2017-07-15,0,Sat,NYA,BOS,sevel001,salec001,4,1,55,9,3,0,1,4,1,1,0,9,1,19,1,1,1,0,14,8,1,1,1,0,48,12,0,0,1,0
2017-07-16,2,Sun,NYA,BOS,tanam001,pricd001,0,3,35,8,2,0,0,0,0,0,0,1,0,10,0,0,0,0,9,2,3,3,0,0,24,9,1,0,1,0
2017-07-16,1,Sun,NYA,BOS,sabac001,porcr001,3,0,38,12,1,0,1,3,0,1,1,0,0,9,0,0,1,0,10,4,0,0,1,0,27,12,0,0,1,0
2017-07-17,0,Mon,NYA,MIN,mitcb001,mejia001,2,4,33,8,6,0,0,2,0,0,1,2,2,8,0,0,2,0,7,2,3,3,0,0,24,11,1,0,1,0
2017-07-18,0,Tue,NYA,MIN,cessl001,colob001,6,3,39,13,3,0,1,6,0,0,0,1,1,6,0,0,1,0,7,5,3,3,1,0,27,9,0,0,0,0
2017-07-19,0,Wed,NYA,MIN,montj004,berrj001,1,6,32,7,0,0,0,1,0,0,3,2,0,8,0,1,1,0,9,3,6,6,0,0,24,6,0,0,0,0
2017-07-20,0,Thu,NYA,SEA,sevel001,hernf002,4,1,34,7,1,0,1,2,0,0,0,3,0,9,0,0,2,0,6,3,1,1,1,0,27,9,1,0,0,0
2017-07-21,0,Fri,NYA,SEA,sabac001,moora002,5,1,35,11,2,0,1,5,0,1,0,2,0,3,0,0,2,0,6,5,1,1,1,0,27,10,0,1,1,0
2017-07-22,0,Sat,NYA,SEA,tanam001,miraa002,5,6,35,9,3,1,1,4,0,2,0,3,1,9,1,0,1,0,5,5,6,6,1,0,27,10,0,0,0,0
2017-07-23,0,Sun,NYA,SEA,smitc006,gally001,6,4,36,10,4,0,3,6,0,0,0,7,1,9,0,0,0,0,10,5,4,4,0,0,27,8,0,1,0,0
2017-07-25,0,Tue,CIN,NYA,castl003,montj004,2,4,29,8,1,0,1,3,0,1,0,3,0,6,0,0,0,0,5,5,2,2,0,0,27,9,0,0,1,0
2017-07-26,0,Wed,CIN,NYA,bailh001,sevel001,5,9,37,12,1,0,2,9,0,0,1,2,0,4,1,0,1,0,7,3,3,3,2,0,27,11,1,0,0,0
2017-07-27,0,Thu,TBA,NYA,archc001,sabac001,5,6,42,14,1,1,2,6,1,0,0,3,0,12,0,0,1,0,10,6,5,5,0,0,33,10,0,0,0,0
2017-07-28,0,Fri,TBA,NYA,pruia001,tanam001,1,6,28,5,0,0,3,6,0,0,1,3,1,10,0,0,0,0,2,2,1,1,0,0,27,3,0,0,0,0
2017-07-29,0,Sat,TBA,NYA,snelb001,smitc006,4,5,32,9,2,0,2,5,0,1,1,3,0,8,1,0,0,0,8,6,4,4,0,0,27,9,2,0,0,0
2017-07-30,0,Sun,TBA,NYA,farij001,montj004,5,3,32,4,1,0,1,3,0,0,1,7,0,11,1,0,0,0,10,4,5,5,1,0,27,3,0,1,1,0
2017-07-31,0,Mon,DET,NYA,fulmm001,sevel001,3,7,31,7,1,1,1,7,0,1,1,3,0,8,1,0,0,0,5,5,3,3,0,0,27,7,2,1,0,0
2017-08-01,0,Tue,DET,NYA,sanca004,sabac001,4,3,34,8,3,0,1,3,0,0,1,3,1,4,2,0,1,0,8,3,4,4,0,0,27,13,0,0,1,0
2017-08-02,0,Wed,DET,NYA,zimmj003,tanam001,2,0,34,7,2,0,0,0,0,0,1,0,0,10,1,0,0,0,8,3,1,1,0,0,27,8,1,0,0,0
2017-08-03,0,Thu,NYA,CLE,grays001,klubc001,1,5,29,3,1,0,1,1,0,0,0,1,0,11,0,0,1,0,2,2,3,3,0,0,24,10,3,0,0,0
2017-08-04,0,Fri,NYA,CLE,garcj004,bauet001,2,7,36,11,1,0,1,2,0,0,0,2,0,10,0,0,2,0,9,3,6,6,2,0,24,7,1,1,1,0
2017-08-05,0,Sat,NYA,CLE,montj004,salad001,2,1,31,5,2,0,1,2,0,0,0,4,0,15,0,0,1,0,6,4,1,1,0,0,27,8,0,0,0,0
2017-08-06,0,Sun,NYA,CLE,sevel001,carrc003,8,1,38,12,1,1,1,8,0,1,0,3,1,10,0,0,0,0,7,4,1,1,1,0,27,5,0,0,0,0
2017-08-08,0,Tue,NYA,TOR,sabac001,happj001,2,4,31,7,0,0,0,2,0,1,2,5,0,6,0,0,2,0,10,3,4,4,0,0,24,14,1,0,2,0
2017-08-09,0,Wed,NYA,TOR,tanam001,tepen001,11,5,43,17,5,0,3,11,0,0,1,2,0,9,0,0,0,0,8,6,4,4,1,0,27,10,1,0,1,0
2017-08-10,0,Thu,NYA,TOR,grays001,estrm001,0,4,33,6,3,0,0,0,0,0,0,5,0,10,0,0,0,0,11,2,3,3,0,0,24,10,1,0,1,0
2017-08-11,0,Fri,BOS,NYA,rodre004,garcj004,4,5,30,7,2,0,1,5,0,1,1,5,0,8,0,0,0,0,8,3,4,4,1,0,27,11,0,0,1,0
2017-08-12,0,Sat,BOS,NYA,pomed001,sevel001,10,5,36,9,1,0,3,5,0,0,0,2,0,5,0,0,2,0,6,3,8,8,0,0,27,9,2,0,1,0
2017-08-13,0,Sun,BOS,NYA,salec001,montj004,3,2,33,5,0,1,0,2,1,1,0,5,0,15,2,0,0,0,8,5,3,3,1,0,30,9,0,0,0,0
2017-08-14,0,Mon,NYN,NYA,montr004,cessl001,2,4,30,8,0,0,3,4,0,1,0,2,0,10,0,0,1,0,5,4,2,2,0,0,27,9,0,0,1,0
2017-08-15,0,Tue,NYN,NYA,degrj001,grays001,4,5,31,10,2,0,2,5,1,1,0,2,0,5,0,0,1,0,6,4,4,4,1,0,27,12,0,0,1,0
2017-08-16,0,Wed,NYA,NYN,garcj004,gselr001,5,3,33,8,3,0,1,5,1,1,0,5,0,5,1,0,0,0,8,4,3,3,1,0,27,12,0,0,1,0
2017-08-17,0,Thu,NYA,NYN,sevel001,matzs001,7,5,36,9,1,0,1,7,0,0,1,2,0,8,0,0,1,0,5,4,4,4,1,0,27,8,1,0,0,0
2017-08-18,0,Fri,NYA,BOS,montj004,pomed001,6,9,39,12,1,0,2,6,0,0,2,6,0,13,0,0,0,0,14,4,9,9,0,0,24,9,1,0,1,0
2017-08-19,0,Sat,NYA,BOS,sabac001,salec001,4,3,35,9,3,0,2,4,1,0,1,2,0,10,0,0,1,0,8,4,3,3,2,0,27,11,0,0,0,0
2017-08-20,0,Sun,NYA,BOS,grays001,porcr001,1,5,30,3,1,0,1,1,0,0,0,3,0,7,1,0,0,0,5,5,5,5,2,0,24,9,0,0,0,0
2017-08-22,0,Tue,NYA,DET,tanam001,boydm001,13,4,42,15,1,2,3,13,0,2,0,5,0,7,0,0,0,0,9,2,4,4,0,0,27,8,0,0,1,0
2017-08-23,0,Wed,NYA,DET,sevel001,zimmj003,10,2,39,14,2,0,3,10,0,1,0,3,0,6,0,1,0,0,6,3,2,2,1,0,27,4,0,0,0,0
2017-08-24,0,Thu,NYA,DET,garcj004,fulmm001,6,10,32,8,0,0,1,6,0,2,2,3,0,5,0,0,2,0,6,7,8,6,0,0,24,5,1,0,0,0
2017-08-25,0,Fri,SEA,NYA,miraa002,sabac001,2,1,38,5,3,0,0,0,0,0,1,8,0,8,2,0,0,0,13,5,2,2,0,0,33,11,1,0,0,0
2017-08-26,0,Sat,SEA,NYA,gally001,grays001,3,6,30,8,0,0,1,6,1,0,0,7,0,6,1,0,0,0,8,4,2,2,1,0,27,8,1,0,0,0
2017-08-27,0,Sun,SEA,NYA,albea001,tanam001,1,10,39,15,3,0,0,9,0,1,0,4,0,8,0,0,0,0,10,2,1,1,0,0,27,7,2,0,1,0
2017-08-28,0,Mon,CLE,NYA,klubc001,sevel001,6,2,31,3,1,0,1,2,0,0,0,1,0,8,0,0,0,0,3,3,5,5,2,0,27,5,1,0,0,0
2017-08-30,2,Wed,CLE,NYA,merrr001,montj004,9,4,33,8,0,0,1,4,0,0,0,3,0,2,0,0,2,0,5,3,9,9,1,0,27,5,0,0,0,0
2017-08-30,1,Wed,CLE,NYA,bauet001,garcj004,2,1,30,5,1,0,0,1,1,0,1,4,0,9,0,1,0,0,8,3,1,1,0,0,27,10,0,1,1,0
2017-08-31,0,Thu,BOS,NYA,rodre004,sabac001,2,6,36,14,2,0,2,6,0,0,1,4,0,8,0,0,0,0,11,3,2,2,0,0,27,14,2,0,1,0
2017-09-01,0,Fri,BOS,NYA,fistd001,grays001,4,1,31,4,2,0,0,1,0,0,0,1,0,6,0,0,0,0,4,3,4,4,1,0,27,6,0,0,0,0
2017-09-02,0,Sat,BOS,NYA,pomed001,tanam001,1,5,34,9,0,1,2,5,0,0,0,2,0,8,0,0,0,0,7,3,1,1,1,0,27,11,0,0,0,0
2017-09-03,0,Sun,BOS,NYA,salec001,sevel001,2,9,37,13,1,0,4,9,0,0,0,5,0,13,1,0,0,0,9,4,1,1,1,0,27,9,2,1,0,0
2017-09-04,0,Mon,NYA,BAL,montj004,bundd001,7,4,32,8,1,0,2,7,1,0,0,10,1,7,0,0,1,0,9,4,3,3,0,0,27,8,1,0,1,0
2017-09-05,0,Tue,NYA,BAL,sabac001,hellj001,6,7,35,9,0,0,0,6,0,1,1,5,0,7,0,0,1,0,9,5,7,7,1,0,26,11,0,0,0,0
2017-09-07,0,Thu,NYA,BAL,grays001,gausk001,9,1,39,13,4,0,4,9,0,0,1,3,0,9,1,0,1,0,7,4,0,0,0,0,27,14,1,0,2,0
2017-09-08,0,Fri,NYA,TEX,tanam001,perem004,5,11,35,8,1,0,1,5,0,0,2,1,0,10,0,0,1,0,6,6,11,11,4,0,24,10,0,0,1,0
2017-09-09,0,Sat,NYA,TEX,sevel001,casha001,3,1,34,9,0,0,0,3,0,1,2,2,0,4,0,0,0,0,9,3,1,1,0,0,27,9,1,0,0,0
2017-09-10,0,Sun,NYA,TEX,montj004,grifa002,16,7,44,18,5,1,4,15,0,1,2,3,0,2,0,0,1,0,7,5,7,7,1,0,27,1,1,1,0,0
2017-09-11,0,Mon,NYA,TBA,sabac001,odorj001,5,1,30,4,1,0,1,4,0,1,0,6,0,11,1,1,0,1,6,4,1,1,0,0,27,11,0,1,0,0
2017-09-12,0,Tue,NYA,TBA,grays001,snelb001,1,2,30,3,1,0,0,1,0,0,0,2,0,10,0,0,0,0,4,1,2,2,0,0,24,8,0,0,1,0
2017-09-13,0,Wed,NYA,TBA,garcj004,archc001,3,2,37,10,2,0,0,3,0,0,0,4,1,8,1,0,1,0,11,5,2,2,0,0,27,10,0,0,1,0
2017-09-14,0,Thu,BAL,NYA,milew001,tanam001,5,13,37,14,3,0,4,13,0,0,0,6,0,6,0,0,2,0,6,3,5,5,0,0,27,10,1,0,1,0
2017-09-15,0,Fri,BAL,NYA,ynoag001,sevel001,2,8,31,10,1,0,2,7,0,2,0,4,0,6,1,0,1,0,5,2,2,2,2,0,27,12,1,0,1,0
2017-09-16,0,Sat,BAL,NYA,hellj001,montj004,3,9,33,10,1,0,3,9,0,0,1,4,0,6,1,0,1,0,5,5,3,3,1,1,27,5,1,0,0,0
2017-09-17,0,Sun,BAL,NYA,jimeu001,grays001,6,4,34,7,3,0,1,4,0,1,0,4,1,14,1,0,0,0,8,4,6,6,1,0,27,10,0,0,1,0
2017-09-18,0,Mon,MIN,NYA,sante001,garcj004,1,2,32,8,0,0,1,2,0,1,0,1,1,4,4,0,0,1,9,4,0,0,1,0,27,12,1,0,1,0
2017-09-19,0,Tue,MIN,NYA,berrj001,sabac001,2,5,35,11,3,0,0,4,0,1,1,6,1,7,1,0,0,0,14,4,2,2,0,0,27,10,0,0,1,0
2017-09-20,0,Wed,MIN,NYA,colob001,sevel001,3,11,38,15,3,2,3,10,0,1,1,3,0,8,0,0,0,0,8,4,3,3,0,0,27,7,0,0,0,0
2017-09-22,0,Fri,NYA,TOR,tanam001,estrm001,1,8,29,3,2,0,1,1,0,0,0,4,0,4,0,0,0,0,5,4,7,7,0,0,24,10,1,0,0,0
2017-09-23,0,Sat,NYA,TOR,grays001,biagj001,5,1,30,7,2,0,2,5,0,0,0,5,0,7,1,1,1,0,3,4,1,1,0,0,27,6,0,0,0,0
2017-09-24,0,Sun,NYA,TOR,garcj004,strom001,5,9,35,9,3,0,2,5,0,0,0,4,0,8,0,0,1,0,7,6,9,9,2,0,24,7,1,0,1,0
2017-09-25,0,Mon,KCA,NYA,junij001,sabac001,3,11,37,15,5,0,4,11,0,1,0,4,0,5,0,0,1,0,7,4,3,3,0,0,27,9,0,0,1,0
2017-09-26,0,Tue,TBA,NYA,snelb001,montj004,1,6,33,10,2,0,1,5,0,0,0,8,0,7,2,0,0,0,11,4,1,1,1,0,27,7,0,0,1,0
2017-09-27,0,Wed,TBA,NYA,andrm001,sevel001,1,6,34,9,3,0,3,6,0,0,0,3,0,6,0,0,0,0,7,5,1,1,0,0,27,7,0,0,1,0
2017-09-28,0,Thu,TBA,NYA,farij001,grays001,9,6,33,8,0,0,4,6,0,0,1,4,0,8,0,0,1,0,5,5,9,9,1,0,27,9,1,1,1,0
2017-09-29,0,Fri,TOR,NYA,biagj001,tanam001,0,4,29,8,1,0,0,4,0,1,0,2,0,9,4,0,1,0,4,4,0,0,0,0,27,7,0,1,1,0
2017-09-30,0,Sat,TOR,NYA,strom001,sabac001,1,2,29,7,0,0,1,2,0,0,0,4,0,8,0,0,1,0,7,5,1,1,0,0,27,7,0,0,2,0
2017-10-01,0,Sun,TOR,NYA,andeb004,montj004,2,1,31,5,1,0,1,1,0,0,0,1,0,8,0,1,0,0,4,4,2,2,1,0,27,10,0,0,1,0
2018-03-29,0,Thu,NYA,TOR,sevel001,happj001,6,1,38,11,4,0,3,6,0,0,0,2,0,9,0,0,2,0,7,4,1,1,0,0,27,8,1,0,0,0
2018-03-30,0,Fri,NYA,TOR,tanam001,sanca006,4,2,33,8,3,1,0,4,0,0,0,4,0,6,0,0,2,0,6,4,2,2,0,0,27,3,0,0,0,0
2018-03-31,0,Sat,NYA,TOR,sabac001,estrm001,3,5,30,4,2,0,2,3,0,0,0,4,0,4,0,0,1,0,4,4,4,4,0,0,24,11,2,0,1,0
2018-04-01,0,Sun,NYA,TOR,grays001,strom001,4,7,33,5,1,0,1,4,0,0,0,6,0,12,0,0,0,0,8,4,7,7,0,0,24,8,0,0,0,0
2018-04-03,0,Tue,TBA,NYA,archc001,montj004,4,11,34,11,2,0,2,10,1,0,0,6,0,14,0,0,1,0,6,5,4,4,0,0,27,9,1,0,2,0
2018-04-04,0,Wed,TBA,NYA,snelb001,sevel001,2,7,31,7,0,0,3,7,0,0,0,3,0,11,1,0,0,0,3,3,2,2,0,0,27,11,1,0,2,0
2018-04-05,0,Thu,BAL,NYA,casha001,tanam001,5,2,29,4,2,0,1,2,0,0,2,6,0,8,0,1,1,0,8,4,5,5,0,0,27,9,0,0,0,0
2018-04-06,0,Fri,BAL,NYA,gausk001,sabac001,7,3,47,7,1,0,1,3,0,0,1,5,1,10,2,0,1,0,8,8,6,6,3,0,42,10,3,0,1,0
2018-04-07,0,Sat,BAL,NYA,tillc001,grays001,3,8,29,11,3,0,0,8,0,1,0,7,1,3,1,1,2,0,5,4,3,3,0,0,27,10,1,0,0,0
2018-04-08,0,Sun,BAL,NYA,wrigm001,montj004,8,7,50,16,3,0,0,7,1,0,0,6,1,12,0,1,1,0,14,7,8,8,0,0,36,12,1,0,2,0
2018-04-10,0,Tue,NYA,BOS,sevel001,salec001,1,14,36,10,1,0,1,1,0,0,0,1,0,10,0,0,1,0,9,4,8,8,0,0,24,7,2,0,0,0
2018-04-11,0,Wed,NYA,BOS,tanam001,pricd001,10,7,36,12,1,1,2,10,0,2,1,5,0,9,2,0,0,0,7,4,7,7,2,0,27,7,0,0,1,0
2018-04-12,0,Thu,NYA,BOS,grays001,porcr001,3,6,32,5,3,0,0,3,0,0,1,2,0,10,1,0,0,0,5,4,6,6,3,0,24,6,1,0,0,0
2018-04-13,0,Fri,NYA,DET,montj004,fierm001,8,6,38,11,3,1,2,7,0,1,1,4,0,8,1,0,0,0,9,5,6,6,0,0,27,5,1,0,0,0
2018-04-16,0,Mon,MIA,NYA,smitc006,sevel001,1,12,38,15,5,0,3,12,0,0,1,8,0,11,0,0,1,0,11,4,0,0,1,0,27,2,1,0,0,0
2018-04-17,0,Tue,MIA,NYA,garcj006,tanam001,9,1,30,4,2,0,1,1,0,0,0,7,0,10,0,0,1,0,9,4,7,7,1,0,27,13,2,1,3,0
2018-04-19,0,Thu,TOR,NYA,sanca006,sabac001,3,4,30,8,1,0,1,4,0,0,0,4,0,3,0,1,0,0,6,5,1,1,0,0,27,10,1,2,0,0
2018-04-20,0,Fri,TOR,NYA,estrm001,grays001,8,5,37,11,1,0,3,5,0,0,0,1,0,10,0,0,1,0,6,4,8,8,2,0,27,4,0,1,0,0
2018-04-21,0,Sat,TOR,NYA,strom001,montj004,1,9,32,9,1,0,1,8,0,1,0,7,0,9,0,0,1,0,7,3,1,1,0,0,27,6,0,0,0,0
2018-04-22,0,Sun,TOR,NYA,garcj004,sevel001,1,5,31,9,4,0,1,5,0,1,0,3,0,6,1,0,1,0,6,3,1,1,0,0,27,10,0,0,1,0
2018-04-23,0,Mon,MIN,NYA,odorj001,tanam001,1,14,37,13,4,0,4,14,0,0,0,7,0,8,1,0,0,0,6,3,1,1,0,0,27,7,0,0,0,0
2018-04-24,0,Tue,MIN,NYA,berrj001,sabac001,3,8,35,10,1,0,4,8,0,0,0,3,0,13,0,0,1,0,6,5,1,1,0,0,27,8,4,0,0,0
2018-04-25,0,Wed,MIN,NYA,lynnl001,grays001,4,7,32,11,3,0,2,7,1,2,0,7,2,8,0,0,0,0,11,5,4,4,0,0,27,7,0,0,0,0
2018-04-26,0,Thu,MIN,NYA,gibsk002,montj004,3,4,28,5,1,0,1,4,0,1,0,3,0,12,0,0,0,0,4,3,3,3,0,0,27,7,2,0,0,0
2018-04-27,0,Fri,NYA,ANA,sevel001,heana001,4,3,34,7,3,0,1,4,0,3,0,4,1,13,0,0,0,0,7,4,3,3,1,0,30,10,0,0,1,0
2018-04-28,0,Sat,NYA,ANA,tanam001,richg002,11,1,43,14,5,1,0,9,0,0,0,5,0,10,0,0,0,0,10,3,1,1,1,0,27,9,0,0,1,0
2018-04-29,0,Sun,NYA,ANA,sabac001,skagt001,2,1,31,4,2,0,1,2,0,0,0,3,0,13,0,0,0,0,5,3,1,1,1,0,27,7,1,0,0,0
2018-04-30,0,Mon,NYA,HOU,grays001,mortc002,1,2,29,3,1,0,0,1,0,0,0,3,0,14,1,0,1,0,4,3,2,2,0,1,24,7,0,0,1,0
2018-05-01,0,Tue,NYA,HOU,montj004,verlj001,4,0,34,7,1,0,1,3,0,0,1,0,0,15,1,0,0,0,4,6,0,0,1,0,27,6,0,0,1,0
2018-05-02,0,Wed,NYA,HOU,sevel001,keucd001,4,0,36,9,4,0,2,4,0,0,0,1,0,7,1,0,0,0,6,1,0,0,0,0,27,9,0,0,0,0
2018-05-03,0,Thu,NYA,HOU,tanam001,mccul002,6,5,33,8,1,0,0,6,0,1,1,4,0,9,0,0,0,0,6,4,4,4,2,0,27,10,0,1,0,0
2018-05-04,0,Fri,CLE,NYA,tomlj001,sabac001,6,7,37,11,2,0,3,7,0,0,1,6,0,5,0,0,1,0,11,5,6,6,2,0,27,4,0,0,0,0
2018-05-05,0,Sat,CLE,NYA,bauet001,grays001,2,5,28,4,1,0,0,4,0,1,0,3,0,11,0,0,0,0,3,3,2,2,0,0,27,9,0,0,0,0
2018-05-06,0,Sun,CLE,NYA,clevm001,germd001,4,7,30,6,3,0,1,7,0,0,0,6,2,10,0,0,1,0,4,4,3,3,0,0,27,5,0,1,0,0
2018-05-08,0,Tue,BOS,NYA,pomed001,sevel001,2,3,29,6,1,0,2,3,0,0,0,5,0,8,1,0,1,0,7,4,2,2,1,0,27,8,1,0,1,0
2018-05-09,0,Wed,BOS,NYA,porcr001,tanam001,6,9,33,12,4,1,1,9,0,2,1,4,0,6,1,0,1,0,7,5,6,6,0,0,27,10,0,0,2,0
2018-05-10,0,Thu,BOS,NYA,rodre004,sabac001,5,4,32,5,0,0,0,3,0,0,0,7,0,11,0,0,0,0,8,4,5,5,0,0,27,9,0,0,0,0
2018-05-11,0,Fri,OAK,NYA,gravk001,grays001,10,5,33,7,0,0,2,5,1,0,0,4,0,6,0,0,1,0,6,3,10,10,0,0,27,11,0,0,0,0
2018-05-12,0,Sat,OAK,NYA,triga001,germd001,6,7,43,11,0,0,3,7,0,0,0,9,0,10,3,0,0,0,13,6,6,6,1,0,33,8,0,0,2,0
2018-05-13,0,Sun,OAK,NYA,andeb004,sevel001,2,6,35,12,3,0,1,6,0,0,0,4,0,6,2,0,1,0,9,4,2,2,0,0,27,4,1,0,0,0
2018-05-15,0,Tue,NYA,WAS,tanam001,gonzg003,3,5,33,9,4,0,1,3,1,1,1,4,0,9,0,0,1,0,10,4,5,5,0,0,24,11,0,1,0,0
2018-05-18,0,Fri,NYA,KCA,sabac001,junij001,2,5,34,8,0,0,0,2,0,1,0,2,0,7,0,0,0,0,8,4,3,3,0,0,24,8,1,0,0,0
2018-05-19,0,Sat,NYA,KCA,sevel001,duffd001,8,3,39,14,3,0,5,8,0,0,0,3,0,7,0,0,1,0,7,4,3,3,0,0,27,13,0,0,1,0
2018-05-20,0,Sun,NYA,KCA,grays001,skoge001,10,1,40,14,2,2,4,9,0,0,1,4,0,6,0,0,1,0,8,2,1,1,0,0,27,12,0,0,1,0
2018-05-21,0,Mon,NYA,TEX,tanam001,colob001,10,5,39,12,5,0,5,10,0,1,1,3,0,8,1,0,0,0,7,4,5,5,0,0,27,13,1,0,1,0
2018-05-22,0,Tue,NYA,TEX,germd001,hamec001,4,6,34,7,0,0,3,4,0,0,1,2,0,8,0,0,0,0,6,4,6,6,3,0,24,8,0,0,1,0
2018-05-23,0,Wed,NYA,TEX,sabac001,fistd001,10,12,43,14,3,0,4,10,0,0,1,1,0,9,0,0,0,0,8,5,12,12,1,0,24,5,1,0,0,0
2018-05-25,0,Fri,ANA,NYA,heana001,sevel001,1,2,28,5,1,0,1,2,0,0,0,4,0,6,0,0,0,0,6,4,1,1,1,0,27,13,0,1,1,0
2018-05-26,0,Sat,ANA,NYA,barrj003,grays001,11,4,33,7,0,0,3,4,0,0,0,3,0,7,1,1,0,0,5,5,9,9,0,0,27,8,1,0,1,0
2018-05-27,0,Sun,ANA,NYA,richg002,tanam001,1,3,29,5,0,0,0,3,0,0,1,6,0,10,0,0,0,0,9,4,1,1,2,0,27,10,0,0,2,0
2018-05-28,0,Mon,HOU,NYA,verlj001,germd001,5,1,33,7,0,0,1,1,0,0,1,0,0,9,1,0,0,0,6,3,4,4,0,0,27,8,1,0,0,0
2018-05-29,0,Tue,HOU,NYA,mortc002,sabac001,5,6,43,14,4,0,3,6,0,0,0,2,0,17,0,0,0,0,10,5,3,3,2,0,30,7,5,0,1,0
2018-05-30,0,Wed,HOU,NYA,keucd001,sevel001,3,5,30,8,2,0,0,5,0,1,0,4,0,10,0,1,0,0,6,3,3,3,0,0,27,3,1,0,0,0
2018-06-01,0,Fri,NYA,BAL,grays001,casha001,4,1,38,12,4,1,1,4,0,0,0,1,0,8,2,0,0,0,8,4,1,1,0,0,27,8,0,0,1,0
2018-06-02,0,Sat,NYA,BAL,tanam001,gausk001,8,5,40,13,5,0,2,8,0,0,1,1,0,12,3,0,0,0,7,5,5,5,0,0,27,4,0,0,1,0
2018-06-04,1,Mon,NYA,DET,sevel001,verhd001,7,4,34,7,0,0,3,7,0,0,1,6,0,7,1,0,1,0,7,3,1,1,0,0,27,5,2,0,0,0
2018-06-04,2,Mon,NYA,DET,germd001,fierm001,2,4,34,7,2,1,1,2,0,0,1,4,0,14,0,0,0,0,10,2,4,4,1,0,24,5,0,1,0,0
2018-06-05,0,Tue,NYA,TOR,sabac001,estrm001,7,2,34,9,2,0,2,7,0,0,2,2,0,9,1,2,0,0,4,3,2,2,0,0,27,5,0,0,0,0
2018-06-06,0,Wed,NYA,TOR,grays001,gavis001,3,0,45,8,2,0,2,3,0,0,0,5,0,10,0,1,1,0,8,5,0,0,0,0,39,10,0,0,2,0
2018-06-08,0,Fri,NYA,NYN,tanam001,degrj001,4,1,30,5,0,0,2,4,0,1,0,2,0,8,0,0,2,0,2,5,1,1,0,0,27,8,0,0,1,0
2018-06-09,0,Sat,NYA,NYN,germd001,matzs001,4,3,31,8,1,0,3,4,0,0,0,6,0,9,0,1,2,0,6,4,3,3,1,0,27,2,0,0,0,0
2018-06-10,0,Sun,NYA,NYN,sevel001,lugos001,0,2,30,3,0,0,0,0,0,0,0,1,0,11,0,0,0,0,4,4,2,2,0,0,24,3,0,0,0,0
2018-06-12,0,Tue,WAS,NYA,roart001,sabac001,0,3,30,8,0,0,2,3,0,1,0,2,0,6,0,0,1,0,6,4,0,0,0,0,27,5,0,0,0,0
2018-06-13,0,Wed,WAS,NYA,fedde001,grays001,5,4,33,8,2,0,2,4,0,1,0,2,0,9,1,1,0,0,5,4,5,5,0,0,27,18,0,0,1,0
2018-06-14,0,Thu,TBA,NYA,snelb001,germd001,3,4,29,6,1,0,2,4,0,0,0,4,0,11,0,0,1,0,5,4,3,3,1,0,27,8,1,0,0,0
2018-06-15,0,Fri,TBA,NYA,eovan001,loaij001,0,5,32,9,3,0,1,5,0,1,0,1,1,6,0,0,1,0,5,5,0,0,0,0,27,11,0,0,2,0
2018-06-16,0,Sat,TBA,NYA,stanr002,sevel001,1,4,32,8,3,0,2,4,0,0,0,3,0,7,1,0,0,0,7,3,1,1,1,0,27,6,0,0,2,0
2018-06-17,0,Sun,TBA,NYA,fontw001,sabac001,3,1,33,7,0,1,1,1,0,0,0,4,0,12,0,0,1,0,9,2,3,3,0,0,27,10,0,0,1,0
2018-06-18,0,Mon,NYA,WAS,grays001,fedde001,4,2,34,9,2,0,1,4,0,0,1,6,1,5,1,1,1,0,10,5,2,2,1,0,27,9,0,0,0,0
2018-06-19,0,Tue,SEA,NYA,gonzm005,germd001,2,7,34,11,0,0,4,7,0,0,0,1,0,8,0,0,1,0,4,2,1,1,0,0,27,6,1,0,0,0
2018-06-20,0,Wed,SEA,NYA,hernf002,loaij001,5,7,35,11,3,0,2,6,0,1,2,2,0,11,0,0,1,0,7,4,5,5,0,0,27,10,1,0,1,0
2018-06-21,0,Thu,SEA,NYA,paxtj001,sevel001,3,4,32,8,1,0,2,4,0,0,0,4,0,11,0,0,0,0,8,4,3,3,0,0,27,10,0,0,2,0
2018-06-22,0,Fri,NYA,TBA,sabac001,stanr002,1,2,31,5,1,0,0,1,0,0,0,6,0,7,0,0,1,0,9,3,1,1,0,0,24,10,1,0,2,0
2018-06-23,0,Sat,NYA,TBA,grays001,fontw001,0,4,29,4,2,0,0,0,0,0,0,2,0,8,0,0,2,0,4,3,4,4,0,0,24,6,1,0,0,0
2018-06-24,0,Sun,NYA,TBA,germd001,andrm001,6,7,45,10,4,0,2,6,0,0,0,5,2,8,0,0,1,0,8,7,7,7,0,0,33,7,0,0,0,0
2018-06-25,0,Mon,NYA,PHI,loaij001,velav001,4,2,33,7,1,0,1,4,0,0,0,6,0,12,0,0,1,0,8,4,2,2,1,0,27,10,0,0,0,0
2018-06-26,0,Tue,NYA,PHI,sevel001,arrij001,6,0,36,10,2,0,2,6,0,1,1,2,0,8,0,0,0,0,7,3,0,0,0,0,27,6,0,0,1,0
2018-06-27,0,Wed,NYA,PHI,cessl001,efliz001,0,3,30,4,0,0,0,0,0,0,0,2,0,9,0,0,1,0,5,4,3,3,1,0,24,7,0,0,0,0
2018-06-29,0,Fri,BOS,NYA,rodre004,sabac001,1,8,32,11,1,1,4,8,0,1,0,2,0,2,0,0,1,0,3,3,1,1,0,0,27,9,0,0,1,0
2018-06-30,0,Sat,BOS,NYA,salec001,grays001,11,0,29,2,0,0,0,0,0,0,1,2,0,12,0,0,0,0,5,5,11,11,1,0,27,9,0,0,1,0
2018-07-01,0,Sun,BOS,NYA,pricd001,sevel001,1,11,38,16,2,0,6,11,0,1,0,3,0,3,0,0,1,0,7,4,1,1,0,0,27,10,0,0,0,0
2018-07-02,0,Mon,ATL,NYA,sanca004,loaij001,5,3,40,10,3,0,1,2,0,1,0,7,2,12,0,0,2,0,12,6,4,4,1,0,33,11,1,0,0,0
2018-07-03,0,Tue,ATL,NYA,newcs001,germd001,5,8,32,8,2,0,3,7,0,0,0,8,0,8,2,0,0,0,8,5,5,5,0,1,27,3,0,0,0,0
2018-07-04,0,Wed,ATL,NYA,tehej001,sabac001,2,6,30,7,1,0,3,6,0,0,0,4,0,13,1,0,1,0,4,4,2,2,0,0,27,10,0,0,1,0
2018-07-06,0,Fri,NYA,TOR,grays001,gavis001,2,6,33,5,0,0,1,2,0,0,0,5,0,11,1,0,0,0,9,3,6,6,2,0,24,9,1,0,0,0
2018-07-07,0,Sat,NYA,TOR,sevel001,happj001,8,5,36,9,2,1,2,7,0,0,0,10,0,12,1,0,0,0,11,6,5,5,0,0,27,8,0,0,1,0
2018-07-08,0,Sun,NYA,TOR,germd001,borur001,2,1,35,9,1,0,0,2,1,0,1,2,0,8,0,0,3,0,7,4,1,1,0,0,30,10,1,0,0,0
2018-07-09,2,Mon,NYA,BAL,cessl001,ramiy001,10,2,42,17,7,0,2,9,0,0,1,5,0,9,0,1,1,0,11,2,2,2,0,0,27,16,0,0,3,0
2018-07-09,1,Mon,NYA,BAL,sabac001,yacaj001,4,5,35,9,1,0,1,4,0,0,0,1,0,12,0,0,0,0,5,3,5,5,0,0,24,13,0,0,2,0
2018-07-10,0,Tue,NYA,BAL,tanam001,casha001,5,6,31,8,1,0,1,5,0,1,0,2,0,10,0,0,1,0,2,5,6,6,0,0,26,7,1,0,0,0
2018-07-11,0,Wed,NYA,BAL,grays001,bundd001,9,0,42,14,2,0,3,8,0,0,0,8,0,5,1,0,0,0,14,3,0,0,0,0,27,9,0,1,0,0
2018-07-12,0,Thu,NYA,CLE,sevel001,klubc001,7,4,34,9,4,0,3,7,1,1,0,2,0,11,1,0,0,0,4,5,4,4,0,0,27,13,1,0,1,0
2018-07-13,0,Fri,NYA,CLE,germd001,biebs001,5,6,30,7,3,0,1,4,0,1,1,3,0,7,0,1,2,0,3,3,6,6,1,0,24,5,0,0,0,0
2018-07-14,0,Sat,NYA,CLE,sabac001,clevm001,5,4,35,9,2,0,2,4,0,0,0,2,0,11,0,0,1,0,5,4,4,4,0,0,27,12,1,0,0,0
2018-07-15,0,Sun,NYA,CLE,tanam001,bauet001,2,5,34,7,0,0,1,2,0,0,1,1,0,11,1,0,0,0,7,2,5,5,1,0,24,9,1,0,1,0
2018-07-20,0,Fri,NYN,NYA,syndn001,germd001,7,5,41,14,2,0,0,5,0,1,0,4,1,8,0,0,0,0,14,6,7,7,1,0,27,9,0,0,0,0
2018-07-21,0,Sat,NYN,NYA,matzs001,grays001,6,7,36,12,4,1,1,7,0,0,0,1,0,5,0,0,0,0,6,6,5,5,0,0,27,5,1,0,1,0
2018-07-23,0,Mon,NYA,TBA,sevel001,woodh001,6,7,35,9,1,0,0,5,1,0,0,6,1,8,0,0,1,0,9,4,6,6,0,0,24,4,0,1,0,0
2018-07-24,0,Tue,NYA,TBA,tanam001,chiry001,4,0,33,8,2,0,0,4,0,1,1,1,1,10,0,0,1,0,5,1,0,0,0,0,27,15,0,0,2,0
2018-07-25,0,Wed,NYA,TBA,cessl001,stanr002,2,3,33,7,0,0,0,2,0,2,0,2,0,10,1,0,0,0,8,4,3,3,0,0,24,7,0,0,0,0
2018-07-26,0,Thu,KCA,NYA,junij001,grays001,2,7,33,11,2,0,1,6,0,2,1,3,0,6,0,0,2,0,8,5,2,2,0,0,27,12,0,0,0,0
2018-07-28,2,Sat,KCA,NYA,fillh001,sabac001,4,5,31,10,1,0,2,5,0,2,1,4,0,4,0,0,1,0,9,6,4,4,0,0,27,7,0,0,0,0
2018-07-28,1,Sat,KCA,NYA,kellb003,sevel001,10,5,36,13,1,0,1,4,0,0,1,4,0,5,0,0,3,0,9,4,10,10,0,0,27,8,0,0,0,0
2018-07-29,0,Sun,KCA,NYA,smitb005,happj001,3,6,30,9,2,0,1,6,0,1,1,4,0,7,0,1,1,0,6,4,3,3,1,0,27,9,0,0,1,0
2018-07-31,0,Tue,BAL,NYA,ramiy001,tanam001,3,6,29,6,0,0,1,6,0,1,1,5,0,7,1,0,1,0,6,4,2,2,1,0,27,7,1,1,1,0
2018-08-01,0,Wed,BAL,NYA,cobba001,grays001,7,5,39,12,1,0,2,5,0,0,0,3,0,8,0,0,2,0,10,4,7,7,0,0,27,10,0,0,1,0
2018-08-02,0,Thu,NYA,BOS,sabac001,johnb004,7,15,35,8,1,1,4,7,0,1,0,3,0,13,0,0,0,0,5,5,15,15,1,0,24,8,1,0,1,0
2018-08-03,0,Fri,NYA,BOS,sevel001,porcr001,1,4,27,1,0,0,1,1,0,0,1,0,0,9,0,0,1,0,0,3,4,4,0,0,24,12,0,0,1,0
2018-08-04,0,Sat,NYA,BOS,adamc002,eovan001,1,4,30,5,3,0,0,1,0,0,0,3,0,6,0,0,2,0,5,3,4,4,0,0,24,7,0,1,1,0
2018-08-05,0,Sun,NYA,BOS,tanam001,pricd001,4,5,35,6,0,0,0,3,1,1,1,6,0,8,0,0,0,0,10,6,4,4,1,0,29,7,2,1,0,0
2018-08-06,0,Mon,NYA,CHA,lynnl001,coved001,7,0,37,10,1,0,2,6,0,0,0,4,0,7,0,0,0,0,7,2,0,0,0,0,27,6,0,0,0,0
2018-08-07,0,Tue,NYA,CHA,sabac001,loper003,4,3,46,8,2,0,2,4,0,0,1,5,0,13,0,0,1,0,9,7,3,3,2,0,39,10,0,0,0,0
2018-08-08,0,Wed,NYA,CHA,sevel001,gioll001,7,3,35,7,0,0,2,7,0,0,1,6,0,12,2,0,0,0,8,3,3,3,1,0,27,7,0,0,0,0
2018-08-09,0,Thu,TEX,NYA,juraa001,happj001,3,7,31,9,0,0,5,7,0,0,0,3,0,4,0,0,1,0,3,4,3,3,0,0,27,5,0,0,0,0
2018-08-10,0,Fri,TEX,NYA,minom001,tanam001,12,7,37,10,1,0,2,7,0,0,0,3,0,5,1,0,0,0,6,4,10,10,0,0,27,12,1,0,0,0
2018-08-11,0,Sat,TEX,NYA,hutcd001,lynnl001,3,5,31,8,2,0,2,5,0,0,0,4,0,3,0,0,1,0,6,5,3,3,0,1,27,8,0,0,0,0
2018-08-12,0,Sun,TEX,NYA,perem004,sabac001,2,7,35,12,1,0,2,7,0,0,0,0,0,4,0,0,1,0,4,3,2,2,0,0,27,12,2,0,1,0
2018-08-13,0,Mon,NYN,NYA,degrj001,sevel001,8,5,34,7,1,0,1,4,0,0,0,3,0,13,0,0,0,0,5,5,8,8,0,0,27,7,1,0,0,0
2018-08-14,0,Tue,TBA,NYA,woodh001,happj001,1,4,30,7,4,0,1,4,0,0,0,4,0,11,0,0,1,0,6,3,1,1,0,0,27,5,0,0,1,0
2018-08-15,0,Wed,TBA,NYA,farij001,cessl001,6,1,32,5,2,0,1,1,0,0,2,4,0,6,0,0,0,0,10,4,6,6,1,0,27,11,0,0,0,0
2018-08-16,0,Thu,TBA,NYA,snelb001,tanam001,3,1,34,7,2,0,0,1,0,0,0,2,0,11,1,0,0,0,8,4,2,2,0,0,27,11,1,0,0,0
2018-08-17,0,Fri,TOR,NYA,strom001,lynnl001,5,7,27,8,2,1,2,7,0,0,0,3,0,5,0,0,0,0,4,3,5,5,1,0,21,3,0,0,1,0
2018-08-18,0,Sat,TOR,NYA,reids001,sevel001,6,11,34,11,1,0,4,11,0,2,1,4,0,9,1,0,0,0,6,6,5,5,0,0,27,9,2,0,0,0
2018-08-19,0,Sun,TOR,NYA,borur001,happj001,2,10,35,12,1,0,1,10,0,0,1,6,1,4,2,0,2,0,8,3,2,2,0,0,27,2,0,0,0,0
2018-08-21,0,Tue,NYA,MIA,tanam001,lopep002,2,1,43,9,1,0,0,2,0,1,2,4,0,11,1,0,0,0,12,8,1,1,0,0,36,13,1,0,1,0
2018-08-22,0,Wed,NYA,MIA,lynnl001,richt001,3,9,32,7,1,0,0,3,0,1,0,4,1,11,1,0,1,0,7,4,8,8,0,0,24,11,3,0,2,0
2018-08-24,0,Fri,NYA,BAL,sabac001,cobba001,7,5,39,10,0,0,3,7,0,0,0,6,0,10,1,0,1,0,8,5,3,3,0,0,30,10,1,0,1,0
2018-08-25,2,Sat,NYA,BAL,grays001,casha001,5,1,36,12,1,0,1,4,0,0,0,2,0,6,0,2,2,0,6,4,1,1,2,0,27,11,0,0,0,0
2018-08-25,1,Sat,NYA,BAL,happj001,yacaj001,10,3,37,11,2,0,4,10,0,0,1,3,0,9,0,0,1,0,4,2,3,3,1,0,27,9,1,0,0,0
2018-08-26,0,Sun,NYA,BAL,sevel001,bundd001,5,3,34,8,1,0,1,4,0,0,0,6,0,10,0,0,1,0,8,4,2,2,2,0,27,9,1,0,0,0
2018-08-27,0,Mon,CHA,NYA,rodoc001,tanam001,6,2,29,3,0,1,1,2,0,0,0,4,0,3,1,0,1,0,4,3,4,4,1,0,27,8,3,0,1,0
2018-08-28,0,Tue,CHA,NYA,shiej002,lynnl001,4,5,32,8,0,1,3,5,0,0,0,4,0,6,0,0,0,0,6,3,4,4,0,0,27,7,2,0,0,0
2018-08-29,0,Wed,CHA,NYA,loper003,sabac001,4,1,32,6,1,0,0,1,0,0,0,2,0,8,0,0,0,0,6,4,4,4,0,0,27,6,0,0,0,0
2018-08-30,0,Thu,DET,NYA,lirif001,happj001,8,7,35,12,1,0,3,6,0,0,0,3,0,8,0,0,2,0,4,5,8,8,2,0,27,11,1,0,0,0
2018-08-31,0,Fri,DET,NYA,zimmj003,sevel001,5,7,32,7,1,0,3,7,0,0,0,4,1,9,0,0,0,0,5,4,5,5,0,0,27,4,0,1,0,0
2018-09-01,0,Sat,DET,NYA,norrd002,tanam001,1,2,26,2,0,0,1,2,0,0,1,5,0,10,1,0,0,0,6,3,1,1,0,0,27,10,0,0,1,0
2018-09-02,0,Sun,DET,NYA,boydm001,lynnl001,11,7,36,9,1,0,2,7,0,0,1,5,0,10,0,0,0,0,8,4,11,11,0,0,27,10,0,0,2,0
2018-09-03,0,Mon,NYA,OAK,sabac001,cahit001,3,6,30,4,1,0,1,3,0,1,0,4,0,11,1,1,0,0,5,4,5,5,0,0,24,3,1,1,0,0
2018-09-04,0,Tue,NYA,OAK,happj001,hendl001,5,1,33,8,0,0,2,5,0,0,0,5,0,10,1,0,2,0,6,4,1,1,0,0,27,9,0,0,2,0
2018-09-05,0,Wed,NYA,OAK,sevel001,fierm001,2,8,31,5,1,0,1,2,0,0,0,3,0,7,0,0,1,0,5,5,7,7,2,0,24,6,0,2,0,0
2018-09-07,0,Fri,NYA,SEA,tanam001,paxtj001,4,0,32,6,0,0,2,4,1,0,0,1,0,11,0,0,0,0,3,2,0,0,0,0,27,10,0,0,0,0
2018-09-08,0,Sat,NYA,SEA,lynnl001,hernf002,4,2,30,8,0,0,2,4,0,2,1,3,0,9,2,0,2,0,5,4,2,2,0,0,27,10,1,0,0,0
2018-09-09,0,Sun,NYA,SEA,sabac001,ramie004,2,3,34,7,3,0,0,2,0,0,1,3,0,8,0,0,1,0,9,3,3,3,0,0,24,8,0,0,1,0
2018-09-10,0,Mon,NYA,MIN,happj001,gibsk002,7,2,37,11,4,0,1,7,0,1,0,10,0,7,0,0,1,0,14,3,2,2,2,0,27,9,0,0,1,0
2018-09-11,0,Tue,NYA,MIN,grays001,dufft001,5,10,27,5,0,1,1,5,0,1,1,5,0,5,0,1,3,0,2,4,9,9,0,0,24,10,0,1,1,0
2018-09-12,0,Wed,NYA,MIN,sevel001,odorj001,1,3,29,2,1,0,0,1,0,0,0,3,0,7,1,0,0,0,4,3,3,3,1,0,24,11,0,0,1,0
2018-09-14,0,Fri,TOR,NYA,estrm001,tanam001,0,11,36,14,3,0,2,11,0,1,1,7,0,4,0,0,1,0,10,2,0,0,0,0,27,8,0,0,0,0
2018-09-15,0,Sat,TOR,NYA,reids001,sabac001,8,7,35,8,1,0,4,7,0,0,1,8,0,16,0,0,0,0,10,7,8,8,1,0,27,10,1,0,2,0
2018-09-16,0,Sun,TOR,NYA,pannt001,lynnl001,3,2,31,6,0,0,1,2,0,1,0,2,0,9,0,0,0,0,5,4,3,3,1,0,27,10,0,0,0,0
2018-09-18,0,Tue,BOS,NYA,eovan001,happj001,2,3,26,3,1,0,1,3,0,0,2,4,0,7,1,0,1,0,5,4,0,0,0,1,27,7,2,1,1,0
2018-09-19,0,Wed,BOS,NYA,pricd001,sevel001,1,10,36,11,1,1,3,8,0,0,0,4,0,4,0,0,0,0,6,3,1,1,1,0,27,7,0,0,1,0
2018-09-20,0,Thu,BOS,NYA,rodre004,tanam001,11,6,33,7,1,1,2,6,0,0,0,7,0,9,0,1,0,0,7,8,10,10,0,0,27,8,2,0,1,0
2018-09-21,0,Fri,BAL,NYA,ramiy001,sabac001,8,10,33,10,2,0,2,10,0,0,0,6,0,7,1,0,1,0,5,7,8,8,0,0,27,10,1,0,1,0
2018-09-22,0,Sat,BAL,NYA,hessd001,lynnl001,2,3,37,7,3,0,2,3,0,0,0,4,0,10,0,0,0,0,7,7,1,1,0,0,33,9,1,1,1,0
2018-09-23,0,Sun,BAL,NYA,cobba001,happj001,6,3,30,4,1,0,0,3,0,1,0,4,0,9,0,0,0,0,5,4,6,6,0,0,27,9,0,0,0,0
2018-09-24,0,Mon,NYA,TBA,holdj002,castd002,4,1,34,8,4,0,1,4,0,0,1,3,0,8,0,0,0,0,7,8,1,1,1,0,27,8,1,2,1,0
2018-09-25,0,Tue,NYA,TBA,sevel001,farij001,9,2,35,10,2,2,3,9,0,1,1,6,1,7,0,1,0,0,7,4,2,2,0,0,27,7,1,0,0,0
2018-09-26,0,Wed,NYA,TBA,tanam001,stanr002,7,8,37,10,0,0,1,7,0,0,1,4,0,12,0,0,1,0,8,6,6,6,0,0,24,5,2,1,1,0
2018-09-27,0,Thu,NYA,TBA,sabac001,schuj002,12,1,37,13,2,1,4,11,0,2,0,4,0,10,1,0,1,0,4,3,1,1,1,0,27,7,0,0,0,0
2018-09-28,0,Fri,NYA,BOS,happj001,johnb004,11,6,41,13,3,0,4,10,0,0,0,4,0,9,0,0,0,0,7,4,5,5,0,0,27,6,1,0,0,0
2018-09-29,0,Sat,NYA,BOS,germd001,eovan001,8,5,41,13,4,0,2,8,0,0,0,2,0,12,0,0,0,0,8,7,5,5,0,0,27,7,0,0,0,0
2018-09-30,0,Sun,NYA,BOS,cessl001,porcr001,2,10,30,4,1,0,1,2,0,0,1,3,0,15,0,0,1,0,5,7,6,6,1,0,24,9,3,1,1,0
2019-03-28,0,Thu,BAL,NYA,casha001,tanam001,2,7,29,9,1,0,2,6,0,1,1,8,0,8,0,0,2,0,8,4,1,1,0,0,27,9,1,0,0,0
2019-03-30,0,Sat,BAL,NYA,karnn001,paxtj001,5,3,35,10,1,0,1,3,0,0,0,6,0,9,0,0,2,0,11,4,3,3,0,0,27,9,3,0,1,0
2019-03-31,0,Sun,BAL,NYA,bundd001,happj001,7,5,37,9,1,0,1,5,0,0,1,8,0,14,0,0,0,0,14,4,6,6,1,0,27,10,1,0,1,0
2019-04-01,0,Mon,DET,NYA,rosst001,germd001,1,3,29,5,1,0,2,2,0,0,0,4,0,8,1,0,0,0,6,5,0,0,1,0,27,4,1,0,0,0
2019-04-02,0,Tue,DET,NYA,zimmj003,tanam001,3,1,31,6,1,0,0,1,0,1,1,1,1,8,1,0,0,0,6,3,3,3,0,0,27,10,0,0,1,0
2019-04-03,0,Wed,DET,NYA,boydm001,loaij001,2,1,31,5,1,0,0,1,0,0,0,4,0,18,1,1,0,0,7,4,2,2,0,0,27,13,1,0,0,0
2019-04-04,0,Thu,NYA,BAL,paxtj001,cobba001,8,4,37,12,1,0,4,8,0,0,1,3,0,7,0,1,0,0,6,4,4,4,1,1,27,10,0,0,1,0
2019-04-06,0,Sat,NYA,BAL,happj001,bundd001,6,4,35,11,2,0,3,6,0,0,1,3,0,7,0,0,1,0,6,5,4,4,0,0,27,6,2,0,0,0
2019-04-07,0,Sun,NYA,BAL,germd001,hessd001,15,3,40,15,4,0,7,15,0,0,1,9,0,3,0,0,2,0,8,3,3,3,1,0,27,14,1,1,0,0
2019-04-08,0,Mon,NYA,HOU,tanam001,verlj001,3,4,35,8,1,0,1,3,0,0,0,3,0,8,1,0,0,0,8,3,4,4,0,0,24,11,0,0,1,0
2019-04-09,0,Tue,NYA,HOU,loaij001,coleg001,3,6,31,5,1,0,1,3,0,0,0,3,0,9,0,0,1,0,4,6,6,6,1,0,24,4,1,1,1,0
2019-04-10,0,Wed,NYA,HOU,paxtj001,mchuc001,6,8,35,10,2,0,2,6,0,2,0,3,0,13,0,0,0,0,7,5,8,8,0,0,24,7,1,0,3,0
2019-04-12,0,Fri,CHA,NYA,gioll001,happj001,9,6,24,7,1,0,1,6,0,1,1,4,0,7,0,0,0,0,6,3,9,9,0,0,19,3,0,0,0,0
2019-04-13,0,Sat,CHA,NYA,novai001,sabac001,0,4,29,7,0,0,1,4,1,1,0,1,0,7,0,0,1,0,4,4,0,0,0,0,27,9,1,0,0,0
2019-04-14,0,Sun,CHA,NYA,rodoc001,tanam001,5,2,31,4,1,0,0,2,0,0,0,2,0,7,0,0,1,0,4,6,5,5,0,0,27,8,0,0,1,0
2019-04-16,0,Tue,BOS,NYA,salec001,paxtj001,0,8,34,11,3,0,3,8,1,0,1,2,0,7,1,0,0,0,6,2,0,0,0,0,27,8,0,0,0,0
2019-04-17,0,Wed,BOS,NYA,eovan001,happj001,3,5,30,5,2,0,1,5,0,0,0,3,0,10,0,0,0,0,4,4,3,3,0,0,27,8,0,0,1,0
2019-04-18,0,Thu,KCA,NYA,bailh001,germd001,6,1,30,4,0,0,0,1,0,1,0,3,0,10,0,0,1,0,6,5,6,6,0,0,27,7,0,0,0,0
2019-04-19,0,Fri,KCA,NYA,junij001,sabac001,2,6,28,8,2,0,2,4,0,1,1,5,0,3,1,0,3,0,5,5,1,1,0,0,27,10,3,0,2,0
2019-04-20,0,Sat,KCA,NYA,fillh001,tanam001,2,9,38,14,3,0,4,9,0,0,0,4,0,7,0,0,0,0,9,2,2,2,0,0,27,11,0,0,2,0
2019-04-21,0,Sun,KCA,NYA,lopej004,paxtj001,6,7,39,12,3,0,1,6,1,0,1,3,0,9,0,0,0,0,9,6,6,6,1,0,30,6,0,0,0,0
2019-04-22,0,Mon,NYA,ANA,happj001,harvm001,4,3,46,5,2,0,1,4,0,2,0,5,2,14,2,0,0,0,7,6,3,3,0,0,42,16,0,0,3,0
2019-04-23,0,Tue,NYA,ANA,germd001,strac001,7,5,41,14,1,1,3,7,0,0,0,5,0,10,1,0,0,0,12,4,4,4,0,0,27,12,1,0,2,0
2019-04-24,0,Wed,NYA,ANA,sabac001,bedrc001,6,5,33,7,1,0,0,5,0,1,0,4,0,13,2,0,0,0,5,3,4,4,0,0,27,8,1,0,1,0
2019-04-25,0,Thu,NYA,ANA,tanam001,cahit001,5,11,35,9,0,0,1,4,0,0,1,7,0,8,5,0,1,0,11,5,10,10,1,0,24,8,2,2,1,0
2019-04-26,0,Fri,NYA,SFN,paxtj001,bumgm001,7,3,38,15,4,0,1,7,2,0,0,1,0,7,0,0,1,0,7,5,3,3,1,0,27,4,0,0,0,0
2019-04-27,0,Sat,NYA,SFN,happj001,holld003,6,4,31,8,3,0,1,6,1,0,1,5,0,8,1,0,2,0,5,3,4,4,0,0,27,7,0,0,0,0
2019-04-28,0,Sun,NYA,SFN,germd001,rodrd001,11,5,40,14,0,0,2,10,0,0,1,5,0,11,1,0,2,0,8,4,5,5,1,0,27,8,1,0,0,0
2019-04-30,0,Tue,NYA,ARI,sabac001,greiz001,1,3,30,5,2,0,0,1,0,0,0,1,0,9,0,1,1,0,3,3,3,3,0,0,24,8,0,0,1,0
2019-05-01,0,Wed,NYA,ARI,tanam001,kellm002,2,3,32,7,2,0,1,2,0,0,0,5,0,3,0,0,2,0,8,4,3,3,1,0,24,6,0,0,0,0
2019-05-03,0,Fri,MIN,NYA,gibsk002,paxtj001,3,6,29,8,0,0,2,5,1,0,2,2,0,9,0,0,2,0,4,6,2,2,1,0,27,10,1,1,1,0
2019-05-04,0,Sat,MIN,NYA,odorj001,happj001,7,3,32,7,1,0,1,2,0,0,0,4,0,9,0,0,1,0,6,4,6,6,0,1,27,8,2,0,2,0
2019-05-05,0,Sun,MIN,NYA,pinem001,germd001,1,4,26,6,0,0,1,3,0,0,0,6,0,11,0,0,1,0,7,4,1,1,1,0,24,3,0,1,0,0
2019-05-06,0,Mon,SEA,NYA,hernf002,sabac001,3,7,31,9,2,1,3,7,0,0,0,1,0,5,0,0,3,0,1,5,3,3,0,0,27,7,0,0,0,0
2019-05-07,0,Tue,SEA,NYA,gonzm005,tanam001,4,5,33,9,1,0,1,4,0,0,1,3,0,6,1,0,1,0,6,4,2,2,0,0,27,9,2,0,2,0
2019-05-08,0,Wed,SEA,NYA,kikuy001,loaij001,10,1,30,5,1,0,0,1,0,1,0,1,0,4,0,0,1,0,4,3,10,10,0,0,27,5,1,0,0,0
2019-05-09,0,Thu,SEA,NYA,leakm001,happj001,1,3,33,9,2,0,0,3,0,0,0,1,1,4,1,0,0,0,7,5,1,1,0,0,27,9,1,0,1,0
2019-05-10,0,Fri,NYA,TBA,germd001,glast001,4,3,34,7,1,0,0,3,0,0,1,2,0,12,1,1,1,0,6,5,3,3,0,0,27,8,0,0,2,0
2019-05-11,0,Sat,NYA,TBA,sabac001,stanr002,2,7,29,5,2,0,1,2,0,0,2,1,0,6,0,0,2,0,3,3,7,7,0,0,24,5,1,0,1,0
2019-05-12,0,Sun,NYA,TBA,tanam001,snelb001,7,1,34,9,3,0,1,6,1,1,0,5,1,17,0,0,0,0,7,3,1,1,1,0,27,7,0,0,0,0
2019-05-15,1,Wed,BAL,NYA,hessd001,happj001,3,5,32,7,0,0,4,5,0,0,0,1,0,6,0,0,0,0,4,5,3,3,0,0,27,11,0,0,1,0
2019-05-15,2,Wed,BAL,NYA,casha001,germd001,1,3,31,7,2,0,1,3,0,0,0,2,0,10,0,1,0,0,6,3,1,1,1,0,27,9,1,0,0,0
2019-05-17,0,Fri,TBA,NYA,stanr002,sabac001,3,4,35,9,2,0,2,3,0,0,0,1,1,8,1,0,0,0,6,5,2,2,0,0,27,7,1,0,0,0
2019-05-18,0,Sat,TBA,NYA,snelb001,tanam001,2,1,38,8,0,0,0,0,0,0,0,2,0,15,0,0,2,0,6,6,2,2,0,0,33,14,1,0,0,0
2019-05-19,0,Sun,TBA,NYA,mortc002,greec003,5,13,36,10,2,1,3,12,0,0,0,9,1,9,1,0,0,0,8,4,5,5,0,0,27,9,0,0,0,0
2019-05-20,0,Mon,NYA,BAL,happj001,casha001,10,7,36,11,1,0,3,9,0,1,0,4,0,5,0,0,0,0,4,5,7,7,0,0,27,8,2,0,2,0
2019-05-21,0,Tue,NYA,BAL,germd001,hessd001,11,4,38,12,1,0,3,11,0,0,0,4,0,10,0,0,1,0,4,2,3,3,0,0,27,17,1,0,1,0
2019-05-22,0,Wed,NYA,BAL,sabac001,strad003,7,5,39,13,3,0,5,7,0,0,0,4,0,6,0,0,1,0,9,5,4,4,0,0,27,6,1,0,0,0
2019-05-23,0,Thu,NYA,BAL,tanam001,bundd001,6,5,33,8,1,0,2,6,0,0,0,6,0,8,1,0,2,0,6,4,5,5,1,0,27,9,1,0,1,0
2019-05-25,1,Sat,NYA,KCA,happj001,junij001,7,3,36,10,2,1,1,7,0,1,0,3,0,10,1,0,0,0,6,3,3,3,0,0,27,4,1,0,0,0
2019-05-25,2,Sat,NYA,KCA,greec003,lopej004,6,5,35,10,1,0,0,6,0,0,1,7,0,7,1,0,2,0,10,6,4,4,0,0,27,12,1,0,0,0
2019-05-26,0,Sun,NYA,KCA,germd001,duffd001,7,8,40,11,1,0,1,7,0,0,0,4,0,7,0,0,2,0,7,3,8,8,0,0,29,11,1,0,0,0
2019-05-27,0,Mon,SDN,NYA,stram001,greec003,2,5,31,7,2,0,3,4,0,0,0,4,0,12,0,0,0,0,6,6,2,2,0,0,27,8,0,0,1,0
2019-05-28,0,Tue,SDN,NYA,lauee001,tanam001,5,4,34,8,0,0,1,4,0,0,1,2,0,7,0,0,1,0,6,3,4,4,0,0,27,9,1,0,3,0
2019-05-29,0,Wed,SDN,NYA,paddc001,paxtj001,0,7,34,10,0,1,4,6,0,1,1,2,0,9,2,0,0,0,7,5,0,0,0,0,27,7,1,0,1,0
2019-05-31,0,Fri,BOS,NYA,salec001,happj001,1,4,30,8,2,0,1,4,0,0,0,2,0,13,0,1,1,0,4,5,1,1,0,0,27,11,0,0,1,0
2019-06-01,0,Sat,BOS,NYA,porcr001,germd001,3,5,35,11,0,0,1,5,0,0,1,1,0,10,0,0,0,0,8,7,3,3,0,0,27,7,0,0,2,0
2019-06-02,0,Sun,BOS,NYA,pricd001,sabac001,8,5,32,8,0,0,1,4,0,2,0,3,0,9,0,1,0,0,5,3,8,8,0,0,27,12,1,0,1,0
2019-06-04,0,Tue,NYA,TOR,tanam001,richc002,3,4,34,8,3,0,2,3,0,0,0,7,0,10,0,0,0,0,11,3,4,4,1,0,24,10,0,0,1,0
2019-06-05,0,Wed,NYA,TOR,paxtj001,thort002,7,11,36,9,0,0,2,7,0,0,0,4,0,9,0,0,0,0,6,6,8,8,1,0,24,8,3,0,0,0
2019-06-06,0,Thu,NYA,TOR,happj001,jacke001,6,2,36,8,3,0,2,6,0,0,0,4,0,7,0,0,0,0,7,3,2,2,0,0,27,11,1,0,2,0
2019-06-07,0,Fri,NYA,CLE,germd001,plesz001,2,5,31,6,1,0,1,2,0,0,0,1,0,8,0,0,1,0,3,2,5,5,0,0,24,7,0,0,0,0
2019-06-08,0,Sat,NYA,CLE,sabac001,pluta001,4,8,32,5,2,0,1,4,0,1,0,2,0,5,0,0,0,0,4,3,8,8,0,0,24,8,0,0,2,0
2019-06-09,0,Sun,NYA,CLE,greec003,biebs001,7,6,38,11,5,0,1,7,0,1,0,9,1,13,0,1,1,0,11,7,5,5,1,0,30,9,2,0,0,0
2019-06-11,2,Tue,NYN,NYA,vargj001,paxtj001,10,4,36,9,0,0,1,4,0,0,0,3,0,8,0,0,0,0,8,4,9,9,0,0,27,12,1,0,1,0
2019-06-11,1,Tue,NYN,NYA,wheez001,tanam001,5,12,40,15,5,1,3,12,0,0,0,3,0,7,1,0,0,0,7,3,4,4,0,0,27,8,3,0,0,0
2019-06-13,0,Thu,NYA,CHA,happj001,novai001,4,5,35,9,1,0,1,3,0,0,0,2,0,12,0,1,1,0,6,4,5,5,0,0,24,9,0,0,1,0
2019-06-14,0,Fri,NYA,CHA,sabac001,gioll001,2,10,32,7,1,0,1,2,0,0,0,5,0,8,0,0,2,0,8,3,8,8,0,0,24,14,3,0,4,0
2019-06-15,0,Sat,NYA,CHA,greec003,loper003,8,4,34,10,2,0,2,8,0,1,0,7,1,7,1,0,2,0,7,4,4,4,0,0,27,7,1,0,1,0
2019-06-16,0,Sun,NYA,CHA,paxtj001,despo001,10,3,38,12,2,0,1,10,0,0,1,6,0,8,0,1,0,0,8,4,3,3,0,0,27,12,0,0,1,0
2019-06-17,0,Mon,TBA,NYA,chiry001,tanam001,0,3,31,8,1,0,2,3,0,0,0,2,0,9,0,0,1,0,6,1,0,0,0,0,27,13,0,0,1,0
2019-06-18,0,Tue,TBA,NYA,stanr002,happj001,3,6,34,11,1,0,2,6,0,1,0,2,0,8,0,0,0,0,7,5,3,3,0,0,27,10,0,0,1,0
2019-06-19,0,Wed,TBA,NYA,snelb001,sabac001,1,12,32,9,1,0,2,12,0,0,1,7,0,7,1,0,1,0,4,3,1,1,0,0,27,6,1,0,0,0
2019-06-20,0,Thu,HOU,NYA,valdf001,greec003,6,10,36,12,2,0,4,10,0,0,0,5,0,10,1,0,0,0,7,5,6,6,1,0,27,7,0,0,0,0
2019-06-21,0,Fri,HOU,NYA,peacb001,paxtj001,1,4,31,8,2,0,2,4,0,0,0,0,0,12,0,0,1,0,3,5,1,1,1,0,27,8,0,0,1,0
2019-06-22,0,Sat,HOU,NYA,milew001,tanam001,5,7,30,7,0,0,2,7,0,0,0,4,0,12,0,0,1,1,4,4,5,5,0,0,27,8,0,0,0,0
2019-06-23,0,Sun,HOU,NYA,verlj001,happj001,9,4,32,6,0,1,1,4,0,0,0,2,0,11,0,0,1,0,3,3,9,9,0,0,27,12,0,0,3,0
2019-06-24,0,Mon,TOR,NYA,sanca006,sabac001,8,10,37,13,2,0,2,10,0,0,0,7,0,7,0,0,0,0,10,6,7,7,0,0,27,4,2,0,0,0
2019-06-25,0,Tue,TOR,NYA,richc002,greec003,3,4,31,10,0,1,4,4,0,0,1,2,1,4,0,0,0,0,6,6,3,3,2,0,27,7,1,0,0,0
2019-06-26,0,Wed,TOR,NYA,thort002,paxtj001,7,8,40,16,2,0,2,8,0,1,0,3,0,10,0,0,0,0,11,5,7,7,0,0,27,11,2,1,3,0
2019-06-29,0,Sat,NYA,BOS,tanam001,porcr001,17,13,45,19,7,0,3,17,0,0,0,6,0,11,0,0,1,0,7,8,13,13,2,0,27,11,0,0,1,0
2019-06-30,0,Sun,NYA,BOS,tarps001,rodre004,12,8,40,13,3,0,1,11,0,1,0,9,1,10,0,0,0,0,11,7,8,8,1,0,27,8,2,0,2,0
2019-07-02,0,Tue,NYA,NYN,paxtj001,wheez001,2,4,31,6,1,0,0,2,2,0,0,2,0,10,1,0,0,0,6,4,3,3,0,0,24,10,1,0,2,0
2019-07-03,0,Wed,NYA,NYN,germd001,vargj001,5,1,36,10,3,0,2,5,0,0,0,4,0,11,0,0,2,0,8,3,1,1,0,0,27,8,0,0,0,0
2019-07-04,0,Thu,NYA,TBA,happj001,chiry001,8,4,37,8,1,0,2,8,0,0,0,4,0,12,0,1,0,0,3,7,3,3,2,0,30,5,1,0,0,0
2019-07-05,0,Fri,NYA,TBA,tanam001,mckab001,8,4,44,14,2,0,4,8,0,0,0,0,0,8,0,1,2,0,3,4,4,4,1,0,33,11,0,1,0,0
2019-07-06,0,Sat,NYA,TBA,sabac001,snelb001,3,4,33,8,2,0,2,3,0,0,0,7,0,11,2,1,1,0,10,3,4,4,0,0,26,10,0,0,2,0
2019-07-07,0,Sun,NYA,TBA,paxtj001,mortc002,1,2,32,5,1,0,1,1,0,0,0,1,0,14,0,0,0,0,5,4,2,2,0,0,24,5,0,0,0,0
2019-07-12,0,Fri,TOR,NYA,sanca006,germd001,0,4,33,10,5,1,0,4,0,0,1,2,0,5,0,1,0,0,8,3,0,0,1,0,27,6,0,0,0,0
2019-07-13,0,Sat,TOR,NYA,richc002,happj001,2,1,34,8,0,0,0,1,0,0,2,3,0,8,0,0,0,0,11,5,2,2,1,0,27,9,0,0,0,0
2019-07-14,0,Sun,TOR,NYA,strom001,tanam001,2,4,32,10,1,0,1,3,0,0,0,2,0,10,0,1,1,0,6,5,2,2,0,0,27,9,3,0,0,0
2019-07-15,0,Mon,TBA,NYA,snelb001,paxtj001,5,4,34,8,0,0,3,4,0,0,0,5,0,10,0,0,1,0,8,3,5,5,0,0,27,7,0,0,1,0
2019-07-16,0,Tue,TBA,NYA,stanr002,sabac001,3,8,30,8,1,0,4,8,0,0,0,4,1,10,0,0,1,0,2,4,3,3,0,0,27,8,0,0,1,0
2019-07-18,1,Thu,TBA,NYA,chiry001,germd001,2,6,35,10,3,0,2,6,0,0,0,2,0,9,0,0,0,0,7,4,2,2,0,0,27,9,0,0,2,0
2019-07-18,2,Thu,TBA,NYA,mortc002,greec003,1,5,28,6,2,0,1,4,0,0,0,6,0,4,0,0,1,0,5,4,1,1,0,0,27,3,0,0,0,0
2019-07-19,0,Fri,COL,NYA,freek001,happj001,2,8,36,12,1,0,2,8,0,0,0,4,0,8,1,0,1,0,8,3,2,2,0,0,27,2,2,0,1,0
2019-07-20,0,Sat,COL,NYA,senza001,tanam001,5,11,38,14,3,0,0,10,0,0,1,5,0,11,1,0,0,0,9,3,5,5,0,0,27,11,0,0,0,0
2019-07-21,0,Sun,COL,NYA,marqg001,paxtj001,8,4,31,4,0,0,3,4,0,0,0,3,0,6,0,0,0,0,3,5,4,4,0,0,27,5,1,1,1,0
2019-07-22,0,Mon,NYA,MIN,sabac001,perem004,6,8,36,13,3,0,3,6,0,0,0,5,0,8,0,0,2,0,8,3,7,7,0,0,24,9,1,0,0,0
2019-07-23,0,Tue,NYA,MIN,germd001,gibsk002,14,12,48,20,7,0,2,13,0,0,0,6,0,9,1,0,2,0,10,7,12,12,1,0,30,11,1,0,1,0
2019-07-24,0,Wed,NYA,MIN,happj001,odorj001,10,7,40,15,4,2,3,10,0,1,0,2,0,11,0,0,1,0,6,4,7,7,0,0,27,12,0,0,2,0
2019-07-25,0,Thu,NYA,BOS,tanam001,porcr001,3,19,34,7,2,0,1,3,0,0,0,1,0,9,0,0,0,0,5,4,19,19,1,0,24,5,0,0,0,0
2019-07-26,0,Fri,NYA,BOS,paxtj001,casha001,5,10,37,13,3,0,0,4,0,1,0,3,0,7,0,1,1,0,9,4,10,10,0,0,24,8,0,0,0,0
2019-07-27,0,Sat,NYA,BOS,sabac001,rodre004,5,9,37,11,4,0,1,5,0,0,0,3,0,13,0,0,1,0,8,4,9,9,0,0,24,3,1,0,0,0
2019-07-28,0,Sun,NYA,BOS,germd001,salec001,9,6,35,8,4,0,2,6,0,0,0,6,1,9,0,0,0,0,5,5,5,5,0,0,27,7,2,1,0,0
2019-07-30,0,Tue,ARI,NYA,clart003,happj001,4,2,32,5,1,0,1,2,0,0,1,3,0,9,0,0,0,0,7,2,4,4,1,0,27,10,0,0,1,0
2019-07-31,0,Wed,ARI,NYA,greiz001,tanam001,5,7,32,8,3,0,2,7,0,0,0,3,0,10,0,0,0,0,4,7,4,4,0,0,27,9,1,0,0,0
2019-08-02,0,Fri,BOS,NYA,rodre004,paxtj001,2,4,26,5,1,0,1,4,0,0,0,6,0,10,0,1,2,0,4,4,2,2,0,0,27,8,0,0,0,0
2019-08-03,2,Sat,BOS,NYA,johnb004,greec003,4,6,35,13,2,0,2,6,0,0,0,5,0,7,1,0,1,0,10,7,4,4,0,0,27,7,0,0,1,0
2019-08-03,1,Sat,BOS,NYA,salec001,germd001,2,9,37,14,2,0,2,9,0,0,2,1,0,6,1,0,1,0,7,2,2,2,0,0,27,7,0,0,0,0
2019-08-04,0,Sun,BOS,NYA,pricd001,happj001,4,7,34,10,5,0,2,7,0,0,0,4,0,5,0,0,0,0,7,3,4,4,1,0,27,11,0,0,2,0
2019-08-05,0,Mon,NYA,BAL,tanam001,ynoag001,9,6,38,12,1,1,5,8,0,0,0,2,0,6,0,0,2,0,4,5,6,6,1,0,27,10,2,0,1,0
2019-08-06,0,Tue,NYA,BAL,holdj002,wojca001,9,4,37,11,4,0,6,9,0,0,0,7,1,6,1,0,1,0,8,4,4,4,0,0,27,13,0,0,2,0
2019-08-07,0,Wed,NYA,BAL,paxtj001,meanj001,14,2,42,15,3,0,5,14,0,0,0,4,0,8,2,0,1,0,5,2,2,2,2,0,27,7,0,0,0,0
2019-08-08,0,Thu,NYA,TOR,germd001,pannt001,12,6,42,15,4,0,3,11,0,0,2,0,0,5,0,0,0,0,5,3,5,5,0,0,27,8,1,0,0,0
2019-08-09,0,Fri,NYA,TOR,happj001,reids001,2,8,33,7,2,0,2,2,0,0,0,2,0,9,0,0,1,0,6,3,8,8,1,0,24,10,0,0,1,0
2019-08-10,0,Sat,NYA,TOR,greec003,fontw001,4,5,30,5,1,0,2,4,0,1,0,6,0,9,0,0,1,0,6,6,5,5,1,0,24,4,0,0,0,0
2019-08-11,0,Sun,NYA,TOR,tanam001,thort002,1,0,30,5,2,0,0,1,0,0,1,1,0,8,0,1,1,0,4,2,0,0,0,0,27,13,1,0,3,0
2019-08-12,1,Mon,BAL,NYA,ynoag001,paxtj001,5,8,31,8,2,0,4,8,0,1,0,3,0,5,0,0,0,0,3,5,5,5,1,0,27,9,0,0,1,0
2019-08-12,2,Mon,BAL,NYA,blact002,greec003,8,11,35,12,0,1,3,10,0,0,0,6,1,7,0,0,1,0,6,5,8,8,0,0,27,11,0,0,1,0
2019-08-13,0,Tue,BAL,NYA,meanj001,germd001,3,8,37,15,5,0,1,8,0,0,0,5,0,3,0,0,1,0,10,2,3,3,0,0,27,7,0,0,1,0
2019-08-14,0,Wed,BAL,NYA,bundd001,happj001,5,6,31,7,1,0,1,6,0,0,0,3,0,6,0,0,0,0,4,5,5,5,1,0,27,8,0,0,1,0
2019-08-15,0,Thu,CLE,NYA,pluta001,greec003,19,5,37,9,0,0,3,5,0,0,1,1,0,7,0,0,0,0,7,5,19,19,0,1,27,4,0,0,1,0
2019-08-16,0,Fri,CLE,NYA,civaa001,tanam001,2,3,33,10,4,0,0,2,0,0,0,3,0,5,0,0,0,0,9,4,2,2,0,0,27,11,1,0,0,0
2019-08-17,0,Sat,CLE,NYA,plesz001,paxtj001,5,6,31,8,0,0,4,5,0,0,0,1,0,9,1,0,0,0,2,5,5,5,1,0,27,9,0,0,2,0
2019-08-18,0,Sun,CLE,NYA,clevm001,sabac001,8,4,36,9,3,0,1,4,0,0,1,3,0,14,0,0,0,0,9,3,8,8,0,0,27,11,1,0,1,0
2019-08-20,0,Tue,NYA,OAK,germd001,bailh001,2,6,37,11,1,0,2,2,0,0,0,0,0,13,0,0,1,0,8,2,5,5,0,0,24,11,1,0,2,0
2019-08-21,0,Wed,NYA,OAK,happj001,fierm001,4,6,36,11,2,0,1,4,0,1,0,4,0,9,0,0,1,0,10,3,6,6,0,0,24,7,0,0,0,0
2019-08-22,0,Thu,NYA,OAK,tanam001,roart001,3,5,34,8,2,0,2,3,0,0,0,1,0,10,0,0,1,0,5,2,5,5,1,0,24,14,0,0,2,0
2019-08-23,0,Fri,NYA,LAN,paxtj001,ryu-h001,10,2,43,16,4,0,5,10,0,0,0,1,1,11,0,0,1,0,7,3,2,2,2,0,27,6,0,0,0,0
2019-08-24,0,Sat,NYA,LAN,sabac001,gonst001,1,2,32,5,0,0,1,1,0,0,0,3,0,10,0,0,0,0,7,5,2,2,0,0,24,2,0,0,0,0
2019-08-25,0,Sun,NYA,LAN,germd001,kersc001,5,1,34,8,1,0,3,5,0,0,1,1,0,12,1,0,1,0,4,5,1,1,0,0,27,6,0,0,1,0
2019-08-26,0,Mon,NYA,SEA,happj001,wislm001,5,4,35,9,1,1,3,5,0,0,0,2,0,6,1,0,1,0,5,5,4,4,0,1,27,5,0,0,0,0
2019-08-27,0,Tue,NYA,SEA,tanam001,kikuy001,7,0,39,11,3,0,2,7,0,0,1,5,0,7,0,0,0,0,11,2,0,0,0,0,27,8,1,0,1,0
2019-08-28,0,Wed,NYA,SEA,paxtj001,shefj001,7,3,37,11,3,0,4,7,0,0,0,3,0,11,1,0,1,0,6,4,3,3,1,0,27,10,1,0,1,0
2019-08-30,0,Fri,OAK,NYA,andeb004,sabac001,8,2,33,6,0,0,0,1,0,0,0,2,0,5,0,0,1,0,6,5,8,8,0,0,27,7,0,0,1,0
2019-08-31,0,Sat,OAK,NYA,bailh001,germd001,3,4,35,6,0,0,4,4,0,0,1,1,0,15,0,0,0,0,3,8,3,3,2,0,33,10,0,0,2,0
2019-09-01,0,Sun,OAK,NYA,manas001,happj001,4,5,28,6,0,0,2,5,0,1,0,6,0,8,0,0,1,0,6,4,4,4,0,0,27,9,0,0,2,0
2019-09-02,0,Mon,TEX,NYA,minom001,tanam001,7,0,32,6,2,0,0,0,0,0,0,1,0,7,0,0,1,0,6,3,7,7,0,0,27,10,1,0,2,0
2019-09-03,0,Tue,TEX,NYA,volqe001,paxtj001,1,10,34,11,0,0,5,10,0,0,1,2,0,7,0,0,0,0,3,2,1,1,0,0,27,7,0,0,1,0
2019-09-04,0,Wed,TEX,NYA,lynnl001,greec003,1,4,30,6,1,0,2,4,0,0,0,5,0,10,0,0,0,0,7,6,1,1,2,0,27,6,0,0,0,0
2019-09-06,0,Fri,NYA,BOS,germd001,chacj001,1,6,29,3,1,0,1,1,0,0,0,3,0,13,0,0,0,0,4,5,6,6,0,0,24,9,0,0,1,0
2019-09-07,0,Sat,NYA,BOS,happj001,lakit001,5,1,35,9,5,0,1,5,0,0,1,7,0,8,1,0,1,0,11,5,1,1,0,0,27,7,0,0,1,0
2019-09-08,0,Sun,NYA,BOS,tanam001,porcr001,10,5,42,13,2,0,3,10,0,0,0,2,0,5,1,0,0,0,7,4,5,5,0,0,27,10,0,0,2,0
2019-09-09,0,Mon,NYA,BOS,paxtj001,rodre004,5,0,38,12,5,0,2,5,0,1,0,3,0,12,0,0,0,0,10,4,0,0,0,0,27,7,0,2,0,0
2019-09-10,0,Tue,NYA,DET,cortn001,jacke001,11,12,38,11,1,1,6,11,0,0,0,2,0,9,1,0,0,0,2,8,7,7,0,0,25,12,1,1,1,0
2019-09-12,1,Thu,NYA,DET,happj001,boydm001,10,4,39,10,3,1,2,9,0,0,0,7,1,8,2,0,0,0,9,5,4,4,0,0,27,3,0,0,0,0
2019-09-12,2,Thu,NYA,DET,sabac001,turns003,6,4,35,11,2,0,2,6,0,0,0,4,0,13,0,1,2,0,6,4,4,4,1,0,27,8,1,0,1,0
2019-09-13,0,Fri,NYA,TOR,tanam001,kay-a001,5,6,44,9,2,0,0,5,0,0,0,5,0,8,0,1,1,0,8,6,6,6,2,1,33,12,2,0,2,0
2019-09-14,0,Sat,NYA,TOR,paxtj001,waguj001,13,3,44,19,4,0,5,13,0,0,2,4,0,6,0,1,0,0,10,4,3,3,0,0,27,2,1,0,0,0
2019-09-15,0,Sun,NYA,TOR,greec003,fontw001,4,6,33,6,2,0,1,3,0,0,1,4,0,10,1,0,1,0,7,6,6,6,0,0,24,3,0,0,0,0
2019-09-17,0,Tue,ANA,NYA,ramin002,sevel001,0,8,33,10,2,0,1,8,0,0,0,6,0,9,0,0,1,0,7,5,0,0,1,0,27,10,0,0,2,0
2019-09-18,0,Wed,ANA,NYA,peted001,sabac001,3,2,33,6,2,0,1,2,0,0,0,2,1,9,0,0,0,0,6,7,2,2,0,0,27,5,1,0,1,0
2019-09-19,0,Thu,ANA,NYA,heana001,tanam001,1,9,32,8,1,0,4,9,0,0,0,4,0,11,1,0,0,0,3,3,1,1,0,0,27,10,0,0,1,0
2019-09-20,0,Fri,TOR,NYA,waguj001,happj001,4,3,32,6,2,0,2,3,0,0,0,2,0,12,0,1,0,0,4,6,4,4,0,0,27,5,0,0,1,0
2019-09-21,0,Sat,TOR,NYA,zeuct001,paxtj001,2,7,34,11,5,0,1,7,0,0,1,3,0,11,1,0,0,0,7,3,1,1,0,0,27,6,1,0,0,0
2019-09-22,0,Sun,TOR,NYA,fontw001,sevel001,3,8,30,7,0,0,3,8,0,1,0,2,0,6,0,0,0,0,1,4,3,3,0,0,27,6,0,0,0,0
2019-09-24,0,Tue,NYA,TBA,montj004,chiry001,1,2,43,7,1,0,1,1,0,0,1,1,0,13,0,0,0,0,8,11,2,2,0,0,33,11,0,0,1,0
2019-09-25,0,Wed,NYA,TBA,loaij001,mortc002,0,4,27,1,0,0,0,0,0,0,0,5,0,16,0,0,1,0,5,7,4,4,1,0,24,7,1,0,0,0
2019-09-27,0,Fri,NYA,TEX,paxtj001,paluj001,14,7,42,18,4,0,6,14,0,0,0,5,0,11,0,0,3,0,6,9,6,6,0,0,27,6,1,0,1,0
2019-09-28,0,Sat,NYA,TEX,sevel001,farrl001,4,9,30,7,1,1,0,4,0,1,1,2,0,7,0,0,3,0,3,7,9,9,0,0,24,6,2,0,0,0
2019-09-29,0,Sun,NYA,TEX,greec003,lynnl001,1,6,30,3,0,0,1,1,0,0,0,1,0,13,0,0,0,0,3,6,4,4,0,0,24,8,2,0,2,0
2020-07-23,0,Thu,NYA,WAS,coleg001,schem001,4,1,22,6,1,0,1,4,0,0,0,4,0,11,0,0,0,0,6,1,1,1,0,0,15,1,0,0,0,0
2020-07-25,0,Sat,NYA,WAS,paxtj001,fedde001,2,9,36,7,2,0,1,2,0,0,0,2,0,7,0,0,2,0,9,6,9,9,0,0,24,6,2,0,1,0
2020-07-26,0,Sun,NYA,WAS,loaij001,corbp001,3,2,32,5,0,0,2,3,0,0,0,3,1,12,0,0,0,0,5,6,2,2,1,0,27,14,1,1,2,0
2020-07-29,0,Wed,NYA,BAL,coleg001,wojca001,9,3,33,8,1,0,3,8,0,1,1,5,0,12,0,0,0,2,6,4,3,3,0,0,27,4,0,0,0,0
2020-07-30,0,Thu,NYA,BAL,happj001,meanj001,8,6,34,9,2,0,2,8,0,0,3,3,0,10,0,0,2,0,5,4,6,6,0,0,27,5,0,0,1,0
2020-07-31,0,Fri,BOS,NYA,weber001,montj004,1,5,32,9,0,0,3,5,0,0,1,5,0,4,0,1,0,0,9,4,1,1,0,0,27,11,1,0,3,0
2020-08-01,0,Sat,BOS,NYA,godlz001,tanam001,2,5,32,8,0,0,2,5,0,0,0,4,0,7,3,0,0,0,7,4,1,1,0,0,27,8,1,0,0,0
2020-08-02,0,Sun,BOS,NYA,brica001,paxtj001,7,9,33,9,2,0,3,9,0,0,0,6,0,8,1,0,1,0,6,4,5,5,1,0,27,9,1,0,0,0
2020-08-03,0,Mon,PHI,NYA,arrij001,coleg001,3,6,30,8,2,0,3,6,0,0,1,2,0,8,1,0,2,0,3,6,3,3,1,0,27,9,0,0,1,0
2020-08-05,2,Wed,NYA,PHI,loaij001,nolaa001,3,1,27,7,1,0,1,3,0,0,1,0,0,13,0,0,1,0,4,5,1,1,0,0,21,7,0,0,0,0
2020-08-05,1,Wed,PHI,NYA,wheez001,happj001,11,7,31,12,0,0,2,6,0,0,0,2,0,3,0,0,2,0,5,4,10,10,0,0,21,10,2,0,0,0
2020-08-06,0,Thu,NYA,PHI,montj004,efliz001,4,5,36,9,2,0,1,4,0,0,1,1,0,10,0,1,0,0,7,3,5,5,0,0,24,6,0,0,0,0
2020-08-07,0,Fri,NYA,TBA,tanam001,snelb001,0,1,28,2,1,0,0,0,0,0,0,5,0,9,0,0,1,0,6,3,1,1,2,0,24,8,0,0,0,0
2020-08-08,1,Sat,NYA,TBA,coleg001,glast001,8,4,31,11,2,0,3,8,0,1,0,5,0,9,1,0,0,0,8,3,4,4,1,0,21,4,0,1,0,0
2020-08-08,2,Sat,NYA,TBA,kingm002,thomr007,3,5,26,8,1,0,0,3,0,0,0,3,0,4,0,0,2,0,5,4,5,5,0,0,18,8,0,0,0,0
2020-08-09,0,Sun,NYA,TBA,paxtj001,mortc002,3,4,34,7,3,0,0,1,0,0,1,4,0,9,0,0,1,0,9,3,4,4,1,0,26,8,0,0,2,0
2020-08-11,0,Tue,ATL,NYA,toust001,montj004,6,9,29,6,2,0,2,7,0,0,2,7,0,7,0,0,2,0,5,6,5,5,1,0,27,8,2,1,0,0
2020-08-12,0,Wed,ATL,NYA,ynoah001,tanam001,3,6,36,12,3,1,2,6,0,0,1,6,1,8,1,0,0,0,13,7,3,3,0,0,27,10,0,0,0,0
2020-08-14,0,Fri,BOS,NYA,brewc002,coleg001,3,10,38,14,3,0,1,10,0,0,0,5,0,8,1,0,0,0,9,4,3,3,0,0,27,7,0,0,0,0
2020-08-15,0,Sat,BOS,NYA,eovan001,paxtj001,5,11,35,11,4,0,3,11,0,1,1,3,0,8,1,0,0,0,5,4,5,5,0,0,27,10,0,0,0,0
2020-08-16,0,Sun,BOS,NYA,mazzc002,happj001,2,4,33,10,1,0,1,4,0,0,0,3,0,7,0,0,1,0,8,4,1,1,2,0,27,11,1,0,2,0
2020-08-17,0,Mon,BOS,NYA,perem004,montj004,3,6,28,5,1,0,4,6,0,0,1,5,0,6,0,0,0,0,4,4,3,3,0,0,27,8,2,0,2,0
2020-08-18,0,Tue,TBA,NYA,snelb001,tanam001,6,3,30,5,0,0,2,3,0,0,2,4,0,8,0,0,1,0,6,3,5,5,0,0,27,11,0,1,1,0
2020-08-19,0,Wed,TBA,NYA,glast001,coleg001,4,2,30,4,0,1,1,2,0,1,0,5,0,14,1,0,0,0,7,3,3,3,1,0,27,13,1,0,1,0
2020-08-20,0,Thu,TBA,NYA,curtj003,paxtj001,10,5,37,10,2,0,2,5,0,0,0,2,0,5,1,0,0,0,7,5,10,10,1,1,27,4,0,0,0,0
2020-08-26,2,Wed,NYA,ATL,tanam001,friem001,1,2,24,5,1,0,0,1,0,1,0,1,0,5,0,0,1,0,4,2,2,2,0,0,18,7,0,0,1,0
2020-08-26,1,Wed,NYA,ATL,coleg001,andei001,1,5,23,2,0,0,1,1,0,0,1,2,0,6,1,0,1,0,4,2,5,5,1,0,18,4,0,0,0,0
2020-08-28,2,Fri,NYA,NYN,loaij001,peted003,3,4,25,5,1,0,0,3,0,0,0,5,1,7,0,0,1,0,6,5,4,4,0,0,18,11,0,0,1,0
2020-08-28,1,Fri,NYN,NYA,wachm001,montj004,6,4,29,8,3,0,1,3,0,0,2,3,0,13,0,0,0,0,9,3,5,5,1,0,21,7,2,0,1,0
2020-08-29,0,Sat,NYN,NYA,gselr001,happj001,1,2,29,5,1,1,1,1,0,0,0,5,0,9,0,0,0,0,7,3,1,1,0,0,27,13,0,0,1,0
2020-08-30,2,Sun,NYA,NYN,garcd003,lugos001,5,2,30,7,0,0,2,5,0,0,0,6,2,10,0,0,2,0,8,3,0,0,0,0,24,6,1,0,1,0
2020-08-30,1,Sun,NYN,NYA,porcr001,kingm002,7,8,29,7,2,0,1,7,0,0,1,5,0,3,0,0,2,0,5,4,7,7,2,0,24,5,0,0,0,0
2020-08-31,0,Mon,TBA,NYA,glast001,coleg001,5,3,35,7,0,0,2,3,0,0,0,2,0,11,1,0,0,0,7,3,5,5,1,0,27,3,1,0,0,0
2020-09-01,0,Tue,TBA,NYA,richt001,tanam001,3,5,32,9,1,0,2,4,0,0,0,0,0,8,0,0,1,0,3,4,3,3,0,0,27,7,0,0,1,0
2020-09-02,0,Wed,TBA,NYA,mortc002,montj004,5,2,33,6,1,0,1,2,0,0,0,5,0,11,0,0,0,0,9,7,5,5,2,0,27,9,1,0,0,0
2020-09-03,0,Thu,NYA,NYN,happj001,gselr001,7,9,37,8,3,0,0,7,0,1,0,9,0,9,1,0,0,0,11,6,8,8,0,1,27,10,0,0,1,0
2020-09-04,2,Fri,NYA,BAL,garcd003,lopej004,3,6,26,4,0,0,0,3,0,0,1,2,0,5,0,0,0,0,5,2,6,6,0,0,18,5,1,0,1,0
2020-09-04,1,Fri,NYA,BAL,kingm002,eshet001,6,5,35,9,0,0,1,6,0,0,0,6,0,7,1,0,2,0,10,6,4,4,0,0,27,8,0,0,1,0
2020-09-05,0,Sat,NYA,BAL,coleg001,akink001,1,6,32,6,1,0,1,1,0,0,1,5,0,12,0,0,0,0,10,2,2,2,0,0,24,6,1,0,1,0
2020-09-06,0,Sun,NYA,BAL,tanam001,kremd001,1,5,32,4,0,1,0,1,0,0,0,3,0,9,0,0,0,0,7,3,2,2,0,0,24,2,2,0,0,0
2020-09-07,0,Mon,NYA,TOR,montj004,ryu-h001,7,12,37,9,2,0,3,7,0,0,0,6,0,6,1,0,1,0,9,6,11,11,0,0,24,7,2,1,0,0
2020-09-08,0,Tue,NYA,TOR,happj001,walkt004,1,2,30,5,1,0,0,1,0,1,1,6,0,9,2,1,0,0,10,3,2,2,0,0,24,7,1,0,1,0
2020-09-09,0,Wed,NYA,TOR,garcd003,roart001,7,2,35,7,1,0,2,7,0,0,0,7,0,6,2,0,0,0,8,3,2,2,0,0,27,7,0,0,0,0
2020-09-11,2,Fri,BAL,NYA,akink001,tanam001,1,10,28,10,3,0,2,10,0,0,0,5,0,4,0,0,1,0,5,3,1,1,0,0,21,5,1,0,0,0
2020-09-11,1,Fri,BAL,NYA,cobba001,coleg001,0,6,25,9,1,0,3,6,0,0,0,3,0,7,1,2,0,0,4,1,0,0,0,0,21,5,1,0,0,0
2020-09-12,0,Sat,BAL,NYA,kremd001,montj004,1,2,31,5,2,2,0,2,0,2,1,4,0,8,0,0,0,0,9,5,0,0,0,0,30,7,3,0,0,0
2020-09-13,0,Sun,BAL,NYA,meanj001,happj001,1,3,32,8,1,0,1,3,0,0,0,1,0,5,0,0,0,0,6,6,1,1,0,0,27,7,1,0,1,0
2020-09-15,0,Tue,TOR,NYA,walkt004,garcd003,6,20,41,16,5,0,6,20,0,0,2,7,0,9,0,0,0,0,6,2,6,6,0,0,27,9,0,0,1,0
2020-09-16,0,Wed,TOR,NYA,roart001,coleg001,2,13,37,14,1,0,7,13,0,0,0,6,0,5,0,0,1,0,6,3,2,2,1,0,27,5,0,0,0,0
2020-09-17,0,Thu,TOR,NYA,merrj001,tanam001,7,10,37,14,3,0,6,9,0,0,0,6,0,8,0,0,1,0,9,4,7,7,0,0,27,12,0,0,0,0
2020-09-18,0,Fri,NYA,BOS,montj004,perem004,6,5,43,11,3,0,1,6,0,0,1,3,0,13,0,0,4,0,8,7,4,4,2,0,36,12,3,0,1,0
2020-09-19,0,Sat,NYA,BOS,happj001,mazzc002,8,0,33,11,1,0,1,8,0,2,0,6,0,7,0,2,0,0,6,2,0,0,0,0,27,11,0,0,1,0
2020-09-20,0,Sun,NYA,BOS,garcd003,houct001,2,10,28,3,1,0,1,1,0,0,1,5,0,10,0,0,3,0,5,4,10,10,0,0,24,7,2,1,1,0
2020-09-21,0,Mon,NYA,TOR,kingm002,shoem001,5,11,34,8,3,0,0,5,0,0,0,5,0,3,1,0,2,0,7,5,10,10,0,0,24,8,2,0,1,0
2020-09-22,0,Tue,NYA,TOR,coleg001,roart001,12,1,40,15,3,1,0,11,0,0,1,2,0,10,1,0,2,0,4,3,1,1,0,0,27,12,0,0,2,0
2020-09-23,0,Wed,NYA,TOR,tanam001,ray-r002,1,14,31,4,0,0,0,0,0,0,0,5,0,9,0,0,0,0,8,4,11,11,0,0,24,10,4,0,1,0
2020-09-24,0,Thu,NYA,TOR,montj004,ryu-h001,1,4,34,7,1,0,0,1,0,0,0,5,0,7,0,0,0,0,11,4,4,4,0,0,24,4,0,0,0,0
2020-09-25,0,Fri,MIA,NYA,alcas001,happj001,4,3,32,7,2,0,0,3,0,0,0,5,0,10,2,0,5,0,5,5,3,3,0,0,30,15,4,0,0,0
2020-09-26,0,Sat,MIA,NYA,roget003,garcd003,4,11,32,10,3,0,3,11,1,0,1,7,0,8,1,0,1,0,6,3,4,4,0,0,27,6,1,0,0,0
2020-09-27,0,Sun,MIA,NYA,urenj001,schmc002,5,0,31,6,0,0,0,0,0,0,0,4,0,4,1,0,2,0,8,3,5,5,1,0,27,13,0,0,1,0
